{
    "summary": {
        "average": 4.331360946745562,
        "count": 169,
        "sortable": 4.150310429288779
    },
    "counts": {
        "1": 7,
        "2": 11,
        "3": 11,
        "4": 30,
        "5": 110
    }
}