{
    "summary": {
        "average": 3.808988764044944,
        "count": 89,
        "sortable": 3.5871668659282845
    },
    "counts": {
        "1": 4,
        "2": 4,
        "3": 20,
        "4": 38,
        "5": 23
    }
}