{
    "summary": {
        "average": 4.103448275862069,
        "count": 29,
        "sortable": 3.6243252265864068
    },
    "counts": {
        "1": 1,
        "2": 1,
        "3": 4,
        "4": 11,
        "5": 12
    }
}