{
    "summary": {
        "average": 4.157894736842105,
        "count": 19,
        "sortable": 3.548741742259526
    },
    "counts": {
        "1": 0,
        "2": 1,
        "3": 3,
        "4": 7,
        "5": 8
    }
}