{
    "summary": {
        "average": 4.333333333333333,
        "count": 9,
        "sortable": 3.302671238833854
    },
    "counts": {
        "1": 0,
        "2": 1,
        "3": 0,
        "4": 3,
        "5": 5
    }
}