{
    "summary": {
        "average": 4.186046511627907,
        "count": 43,
        "sortable": 3.850541374639304
    },
    "counts": {
        "1": 0,
        "2": 0,
        "3": 8,
        "4": 19,
        "5": 16
    }
}