{
    "summary": {
        "average": 4.286153846153846,
        "count": 325,
        "sortable": 4.1801182152588705
    },
    "counts": {
        "1": 6,
        "2": 13,
        "3": 33,
        "4": 103,
        "5": 170
    }
}