{
    "summary": {
        "average": 3.9166666666666665,
        "count": 24,
        "sortable": 3.4262097582037616
    },
    "counts": {
        "1": 0,
        "2": 2,
        "3": 6,
        "4": 8,
        "5": 8
    }
}