{
    "summary": {
        "average": 4.464285714285714,
        "count": 28,
        "sortable": 3.9814870176093136
    },
    "counts": {
        "1": 0,
        "2": 0,
        "3": 1,
        "4": 13,
        "5": 14
    }
}