{
    "summary": {
        "average": 4.390243902439025,
        "count": 41,
        "sortable": 4.025124826834409
    },
    "counts": {
        "1": 0,
        "2": 0,
        "3": 4,
        "4": 17,
        "5": 20
    }
}