{
    "summary": {
        "average": 4.153846153846154,
        "count": 26,
        "sortable": 3.6857832809218696
    },
    "counts": {
        "1": 0,
        "2": 1,
        "3": 2,
        "4": 15,
        "5": 8
    }
}