{
    "summary": {
        "average": 3.3333333333333335,
        "count": 3,
        "sortable": 2.42726370489991
    },
    "counts": {
        "1": 0,
        "2": 1,
        "3": 0,
        "4": 2,
        "5": 0
    }
}