{
    "summary": {
        "average": 3.4285714285714284,
        "count": 7,
        "sortable": 2.7174647898964803
    },
    "counts": {
        "1": 0,
        "2": 1,
        "3": 3,
        "4": 2,
        "5": 1
    }
}