{
    "summary": {
        "average": 4.219512195121951,
        "count": 41,
        "sortable": 3.8419952328358105
    },
    "counts": {
        "1": 0,
        "2": 2,
        "3": 6,
        "4": 14,
        "5": 19
    }
}