{
    "summary": {
        "average": 4.833333333333333,
        "count": 6,
        "sortable": 3.357738371066743
    },
    "counts": {
        "1": 0,
        "2": 0,
        "3": 0,
        "4": 1,
        "5": 5
    }
}