{
    "summary": {
        "average": 4.666666666666667,
        "count": 6,
        "sortable": 3.252394632262723
    },
    "counts": {
        "1": 0,
        "2": 0,
        "3": 1,
        "4": 0,
        "5": 5
    }
}