{
    "summary": {
        "average": 4.090909090909091,
        "count": 11,
        "sortable": 3.3139098346064872
    },
    "counts": {
        "1": 0,
        "2": 0,
        "3": 2,
        "4": 6,
        "5": 3
    }
}