{
    "summary": {
        "average": 4.333333333333333,
        "count": 9,
        "sortable": 3.3515920361040017
    },
    "counts": {
        "1": 0,
        "2": 0,
        "3": 1,
        "4": 4,
        "5": 4
    }
}