{
    "summary": {
        "average": 3.8181818181818183,
        "count": 55,
        "sortable": 3.533092950707482
    },
    "counts": {
        "1": 1,
        "2": 3,
        "3": 16,
        "4": 20,
        "5": 15
    }
}