{
    "summary": {
        "average": 2.6666666666666665,
        "count": 3,
        "sortable": 2.233742690100144
    },
    "counts": {
        "1": 0,
        "2": 1,
        "3": 2,
        "4": 0,
        "5": 0
    }
}