{
    "summary": {
        "average": 4.005376344086022,
        "count": 186,
        "sortable": 3.8530378703671233
    },
    "counts": {
        "1": 7,
        "2": 10,
        "3": 27,
        "4": 73,
        "5": 69
    }
}