{
    "summary": {
        "average": 3.942857142857143,
        "count": 35,
        "sortable": 3.5493384481678008
    },
    "counts": {
        "1": 0,
        "2": 3,
        "3": 8,
        "4": 12,
        "5": 12
    }
}