{
    "summary": {
        "average": 4.205882352941177,
        "count": 34,
        "sortable": 3.7744978980947317
    },
    "counts": {
        "1": 1,
        "2": 0,
        "3": 5,
        "4": 13,
        "5": 15
    }
}