{
    "summary": {
        "average": 4.129032258064516,
        "count": 31,
        "sortable": 3.6899881663177085
    },
    "counts": {
        "1": 0,
        "2": 1,
        "3": 7,
        "4": 10,
        "5": 13
    }
}