{
    "summary": {
        "average": 3.838709677419355,
        "count": 31,
        "sortable": 3.424997193468388
    },
    "counts": {
        "1": 1,
        "2": 1,
        "3": 9,
        "4": 11,
        "5": 9
    }
}