{
    "summary": {
        "average": 3.5555555555555554,
        "count": 18,
        "sortable": 3.039674286825128
    },
    "counts": {
        "1": 1,
        "2": 2,
        "3": 4,
        "4": 8,
        "5": 3
    }
}