{
    "summary": {
        "average": 4.153846153846154,
        "count": 26,
        "sortable": 3.676212187134347
    },
    "counts": {
        "1": 0,
        "2": 1,
        "3": 3,
        "4": 13,
        "5": 9
    }
}