{
    "summary": {
        "average": 4.818181818181818,
        "count": 22,
        "sortable": 4.171161483927612
    },
    "counts": {
        "1": 0,
        "2": 0,
        "3": 0,
        "4": 4,
        "5": 18
    }
}