{
    "summary": {
        "average": 3.888888888888889,
        "count": 9,
        "sortable": 3.0695545324303297
    },
    "counts": {
        "1": 0,
        "2": 1,
        "3": 1,
        "4": 5,
        "5": 2
    }
}