{
    "summary": {
        "average": 3.857142857142857,
        "count": 7,
        "sortable": 3.0236860279185587
    },
    "counts": {
        "1": 0,
        "2": 0,
        "3": 1,
        "4": 6,
        "5": 0
    }
}