{
    "summary": {
        "average": 4.444444444444445,
        "count": 9,
        "sortable": 3.407683744332459
    },
    "counts": {
        "1": 0,
        "2": 0,
        "3": 1,
        "4": 3,
        "5": 5
    }
}