{
    "summary": {
        "average": 3.9285714285714284,
        "count": 28,
        "sortable": 3.462935353887396
    },
    "counts": {
        "1": 1,
        "2": 2,
        "3": 4,
        "4": 12,
        "5": 9
    }
}