{
    "summary": {
        "average": 3.966666666666667,
        "count": 30,
        "sortable": 3.5238601232481166
    },
    "counts": {
        "1": 0,
        "2": 2,
        "3": 9,
        "4": 7,
        "5": 12
    }
}