{
    "summary": {
        "average": 3.7857142857142856,
        "count": 14,
        "sortable": 3.213590752135386
    },
    "counts": {
        "1": 0,
        "2": 0,
        "3": 5,
        "4": 7,
        "5": 2
    }
}