{
    "summary": {
        "average": 4.833333333333333,
        "count": 12,
        "sortable": 3.8175290632670036
    },
    "counts": {
        "1": 0,
        "2": 0,
        "3": 1,
        "4": 0,
        "5": 11
    }
}