{
    "summary": {
        "average": 3.7777777777777777,
        "count": 9,
        "sortable": 3.0236860279185587
    },
    "counts": {
        "1": 0,
        "2": 0,
        "3": 4,
        "4": 3,
        "5": 2
    }
}