{
    "summary": {
        "average": 4.428571428571429,
        "count": 21,
        "sortable": 3.80496798552466
    },
    "counts": {
        "1": 0,
        "2": 1,
        "3": 1,
        "4": 7,
        "5": 12
    }
}