{
    "summary": {
        "average": 3.769230769230769,
        "count": 13,
        "sortable": 3.114431260968584
    },
    "counts": {
        "1": 0,
        "2": 2,
        "3": 2,
        "4": 6,
        "5": 3
    }
}