{
    "summary": {
        "average": 4.395348837209302,
        "count": 43,
        "sortable": 4.037530014124443
    },
    "counts": {
        "1": 0,
        "2": 0,
        "3": 5,
        "4": 16,
        "5": 22
    }
}