{
    "summary": {
        "average": 4.333333333333333,
        "count": 12,
        "sortable": 3.5095343979253237
    },
    "counts": {
        "1": 0,
        "2": 0,
        "3": 1,
        "4": 6,
        "5": 5
    }
}