{
    "summary": {
        "average": 4.285714285714286,
        "count": 14,
        "sortable": 3.446989063579683
    },
    "counts": {
        "1": 1,
        "2": 0,
        "3": 2,
        "4": 2,
        "5": 9
    }
}