{
    "summary": {
        "average": 3.8857142857142857,
        "count": 35,
        "sortable": 3.5079024140378103
    },
    "counts": {
        "1": 1,
        "2": 1,
        "3": 8,
        "4": 16,
        "5": 9
    }
}