{
    "summary": {
        "average": 3.8461538461538463,
        "count": 13,
        "sortable": 3.189990182805108
    },
    "counts": {
        "1": 0,
        "2": 1,
        "3": 3,
        "4": 6,
        "5": 3
    }
}