{
    "summary": {
        "average": 3.5714285714285716,
        "count": 21,
        "sortable": 3.153533812376594
    },
    "counts": {
        "1": 0,
        "2": 1,
        "3": 10,
        "4": 7,
        "5": 3
    }
}