{
    "summary": {
        "average": 4.166666666666667,
        "count": 6,
        "sortable": 3.08864107885847
    },
    "counts": {
        "1": 0,
        "2": 0,
        "3": 0,
        "4": 5,
        "5": 1
    }
}