{
    "summary": {
        "average": 3.7916666666666665,
        "count": 24,
        "sortable": 3.298943653239689
    },
    "counts": {
        "1": 1,
        "2": 1,
        "3": 8,
        "4": 6,
        "5": 8
    }
}