{
    "summary": {
        "average": 2.3333333333333335,
        "count": 3,
        "sortable": 1.984432400110872
    },
    "counts": {
        "1": 1,
        "2": 1,
        "3": 0,
        "4": 1,
        "5": 0
    }
}