{
    "summary": {
        "average": 3.3333333333333335,
        "count": 6,
        "sortable": 2.4836061796297346
    },
    "counts": {
        "1": 1,
        "2": 1,
        "3": 1,
        "4": 1,
        "5": 2
    }
}