{
    "summary": {
        "average": 3.6666666666666665,
        "count": 9,
        "sortable": 2.901498262446478
    },
    "counts": {
        "1": 0,
        "2": 2,
        "3": 1,
        "4": 4,
        "5": 2
    }
}