{
    "summary": {
        "average": 4.433333333333334,
        "count": 30,
        "sortable": 3.941382377560761
    },
    "counts": {
        "1": 0,
        "2": 1,
        "3": 3,
        "4": 8,
        "5": 18
    }
}