{
    "summary": {
        "average": 3.9166666666666665,
        "count": 24,
        "sortable": 3.4078867894862483
    },
    "counts": {
        "1": 1,
        "2": 1,
        "3": 5,
        "4": 9,
        "5": 8
    }
}