{
    "summary": {
        "average": 4.111111111111111,
        "count": 9,
        "sortable": 3.2198472572912142
    },
    "counts": {
        "1": 0,
        "2": 0,
        "3": 2,
        "4": 4,
        "5": 3
    }
}