{
    "summary": {
        "average": 3.9078947368421053,
        "count": 76,
        "sortable": 3.6896046658897994
    },
    "counts": {
        "1": 0,
        "2": 3,
        "3": 20,
        "4": 34,
        "5": 19
    }
}