{
    "summary": {
        "average": 3.7837837837837838,
        "count": 37,
        "sortable": 3.4025955949088194
    },
    "counts": {
        "1": 2,
        "2": 3,
        "3": 5,
        "4": 18,
        "5": 9
    }
}