{
    "summary": {
        "average": 4.274336283185841,
        "count": 113,
        "sortable": 4.039715447782038
    },
    "counts": {
        "1": 6,
        "2": 4,
        "3": 16,
        "4": 14,
        "5": 73
    }
}