{
    "summary": {
        "average": 4.404109589041096,
        "count": 146,
        "sortable": 4.220418224366789
    },
    "counts": {
        "1": 4,
        "2": 3,
        "3": 19,
        "4": 24,
        "5": 96
    }
}