{
    "summary": {
        "average": 4.488888888888889,
        "count": 45,
        "sortable": 4.068149803362652
    },
    "counts": {
        "1": 3,
        "2": 0,
        "3": 1,
        "4": 9,
        "5": 32
    }
}