{
    "summary": {
        "average": 4.166666666666667,
        "count": 36,
        "sortable": 3.746126069125013
    },
    "counts": {
        "1": 1,
        "2": 1,
        "3": 5,
        "4": 13,
        "5": 16
    }
}