{
    "summary": {
        "average": 4.088235294117647,
        "count": 34,
        "sortable": 3.698422265586811
    },
    "counts": {
        "1": 0,
        "2": 1,
        "3": 6,
        "4": 16,
        "5": 11
    }
}