{
    "summary": {
        "average": 3.888888888888889,
        "count": 9,
        "sortable": 3.1241921594904722
    },
    "counts": {
        "1": 0,
        "2": 0,
        "3": 2,
        "4": 6,
        "5": 1
    }
}