{
    "summary": {
        "average": 4.0588235294117645,
        "count": 17,
        "sortable": 3.421319121522129
    },
    "counts": {
        "1": 0,
        "2": 1,
        "3": 4,
        "4": 5,
        "5": 7
    }
}