{
    "summary": {
        "average": 4.090909090909091,
        "count": 11,
        "sortable": 3.2915318825633757
    },
    "counts": {
        "1": 0,
        "2": 0,
        "3": 3,
        "4": 4,
        "5": 4
    }
}