{
    "summary": {
        "average": 3.888888888888889,
        "count": 9,
        "sortable": 3.020307265473566
    },
    "counts": {
        "1": 0,
        "2": 2,
        "3": 0,
        "4": 4,
        "5": 3
    }
}