{
    "summary": {
        "average": 4.388888888888889,
        "count": 18,
        "sortable": 3.6907642243835017
    },
    "counts": {
        "1": 0,
        "2": 1,
        "3": 2,
        "4": 4,
        "5": 11
    }
}