{
    "summary": {
        "average": 3.891304347826087,
        "count": 46,
        "sortable": 3.520877777675439
    },
    "counts": {
        "1": 3,
        "2": 4,
        "3": 5,
        "4": 17,
        "5": 17
    }
}