{
    "summary": {
        "average": 4.297297297297297,
        "count": 37,
        "sortable": 3.8392598213114177
    },
    "counts": {
        "1": 2,
        "2": 1,
        "3": 3,
        "4": 9,
        "5": 22
    }
}