{
    "summary": {
        "average": 4.285714285714286,
        "count": 7,
        "sortable": 3.2174647898964803
    },
    "counts": {
        "1": 0,
        "2": 0,
        "3": 0,
        "4": 5,
        "5": 2
    }
}