{
    "summary": {
        "average": 4.230769230769231,
        "count": 13,
        "sortable": 3.4186488108498603
    },
    "counts": {
        "1": 0,
        "2": 1,
        "3": 2,
        "4": 3,
        "5": 7
    }
}