{
    "summary": {
        "average": 4.571428571428571,
        "count": 14,
        "sortable": 3.738707256060151
    },
    "counts": {
        "1": 0,
        "2": 0,
        "3": 1,
        "4": 4,
        "5": 9
    }
}