{
    "summary": {
        "average": 4.333333333333333,
        "count": 3,
        "sortable": 2.7724183894572376
    },
    "counts": {
        "1": 0,
        "2": 0,
        "3": 0,
        "4": 2,
        "5": 1
    }
}