{
    "summary": {
        "average": 3.9166666666666665,
        "count": 12,
        "sortable": 3.036624750278691
    },
    "counts": {
        "1": 2,
        "2": 1,
        "3": 0,
        "4": 2,
        "5": 7
    }
}