{
    "summary": {
        "average": 4.031914893617022,
        "count": 94,
        "sortable": 3.8012233766515946
    },
    "counts": {
        "1": 1,
        "2": 8,
        "3": 19,
        "4": 25,
        "5": 41
    }
}