{
    "summary": {
        "average": 4.076923076923077,
        "count": 13,
        "sortable": 3.330678615601518
    },
    "counts": {
        "1": 0,
        "2": 1,
        "3": 2,
        "4": 5,
        "5": 5
    }
}