{
    "summary": {
        "average": 3.3333333333333335,
        "count": 3,
        "sortable": 2.28018585623819
    },
    "counts": {
        "1": 1,
        "2": 0,
        "3": 0,
        "4": 1,
        "5": 1
    }
}