{
    "summary": {
        "average": 4.556338028169014,
        "count": 142,
        "sortable": 4.386745743261276
    },
    "counts": {
        "1": 0,
        "2": 6,
        "3": 8,
        "4": 29,
        "5": 99
    }
}