{
    "summary": {
        "average": 4.368421052631579,
        "count": 19,
        "sortable": 3.637358277977094
    },
    "counts": {
        "1": 1,
        "2": 1,
        "3": 2,
        "4": 1,
        "5": 14
    }
}