{
    "summary": {
        "average": 4.590909090909091,
        "count": 44,
        "sortable": 4.22308047837594
    },
    "counts": {
        "1": 0,
        "2": 0,
        "3": 3,
        "4": 12,
        "5": 29
    }
}