{
    "summary": {
        "average": 4.444444444444445,
        "count": 9,
        "sortable": 3.3600812154199793
    },
    "counts": {
        "1": 0,
        "2": 1,
        "3": 0,
        "4": 2,
        "5": 6
    }
}