{
    "summary": {
        "average": 4.333333333333333,
        "count": 18,
        "sortable": 3.5622375439728717
    },
    "counts": {
        "1": 2,
        "2": 0,
        "3": 1,
        "4": 2,
        "5": 13
    }
}