{
    "summary": {
        "average": 4.10091743119266,
        "count": 109,
        "sortable": 3.907316942759871
    },
    "counts": {
        "1": 1,
        "2": 4,
        "3": 20,
        "4": 42,
        "5": 42
    }
}