{
    "summary": {
        "average": 4.696428571428571,
        "count": 56,
        "sortable": 4.328062898379649
    },
    "counts": {
        "1": 3,
        "2": 0,
        "3": 1,
        "4": 3,
        "5": 49
    }
}