{
    "summary": {
        "average": 4.390243902439025,
        "count": 41,
        "sortable": 3.987281452361581
    },
    "counts": {
        "1": 0,
        "2": 2,
        "3": 5,
        "4": 9,
        "5": 25
    }
}