{
    "summary": {
        "average": 3.6944444444444446,
        "count": 36,
        "sortable": 3.378739338222835
    },
    "counts": {
        "1": 0,
        "2": 2,
        "3": 12,
        "4": 17,
        "5": 5
    }
}