{
    "summary": {
        "average": 3.6666666666666665,
        "count": 42,
        "sortable": 3.3468852409579744
    },
    "counts": {
        "1": 1,
        "2": 2,
        "3": 17,
        "4": 12,
        "5": 10
    }
}