{
    "summary": {
        "average": 4.142857142857143,
        "count": 7,
        "sortable": 3.0377176042801155
    },
    "counts": {
        "1": 0,
        "2": 1,
        "3": 1,
        "4": 1,
        "5": 4
    }
}