{
    "summary": {
        "average": 4.909090909090909,
        "count": 11,
        "sortable": 3.82815464986383
    },
    "counts": {
        "1": 0,
        "2": 0,
        "3": 0,
        "4": 1,
        "5": 10
    }
}