{
    "summary": {
        "average": 3.6666666666666665,
        "count": 6,
        "sortable": 2.779470291358968
    },
    "counts": {
        "1": 0,
        "2": 1,
        "3": 1,
        "4": 3,
        "5": 1
    }
}