{
    "summary": {
        "average": 3.5833333333333335,
        "count": 12,
        "sortable": 3.0102752643944135
    },
    "counts": {
        "1": 0,
        "2": 1,
        "3": 4,
        "4": 6,
        "5": 1
    }
}