{
    "summary": {
        "average": 4.458333333333333,
        "count": 24,
        "sortable": 3.8586326393309838
    },
    "counts": {
        "1": 1,
        "2": 0,
        "3": 1,
        "4": 7,
        "5": 15
    }
}