{
    "summary": {
        "average": 4.59375,
        "count": 32,
        "sortable": 4.097639275492579
    },
    "counts": {
        "1": 0,
        "2": 2,
        "3": 0,
        "4": 7,
        "5": 23
    }
}