{
    "summary": {
        "average": 4.113636363636363,
        "count": 44,
        "sortable": 3.7596176515020545
    },
    "counts": {
        "1": 1,
        "2": 1,
        "3": 7,
        "4": 18,
        "5": 17
    }
}