{
    "summary": {
        "average": 4.111111111111111,
        "count": 9,
        "sortable": 3.1699268890497816
    },
    "counts": {
        "1": 0,
        "2": 1,
        "3": 1,
        "4": 3,
        "5": 4
    }
}