{
    "summary": {
        "average": 3.9166666666666665,
        "count": 12,
        "sortable": 3.114462194221477
    },
    "counts": {
        "1": 1,
        "2": 1,
        "3": 1,
        "4": 4,
        "5": 5
    }
}