{
    "summary": {
        "average": 4.1645569620253164,
        "count": 79,
        "sortable": 3.9527606586806834
    },
    "counts": {
        "1": 0,
        "2": 0,
        "3": 13,
        "4": 40,
        "5": 26
    }
}