{
    "summary": {
        "average": 4.363636363636363,
        "count": 11,
        "sortable": 3.3633243000831543
    },
    "counts": {
        "1": 1,
        "2": 0,
        "3": 1,
        "4": 1,
        "5": 8
    }
}