{
    "summary": {
        "average": 4.333333333333333,
        "count": 15,
        "sortable": 3.4907989451250967
    },
    "counts": {
        "1": 1,
        "2": 1,
        "3": 1,
        "4": 1,
        "5": 11
    }
}