{
    "summary": {
        "average": 4.769230769230769,
        "count": 13,
        "sortable": 3.826249346805144
    },
    "counts": {
        "1": 0,
        "2": 0,
        "3": 1,
        "4": 1,
        "5": 11
    }
}