{
    "summary": {
        "average": 3.8333333333333335,
        "count": 6,
        "sortable": 2.7404026116911693
    },
    "counts": {
        "1": 1,
        "2": 0,
        "3": 1,
        "4": 1,
        "5": 3
    }
}