{
    "summary": {
        "average": 4.618181818181818,
        "count": 55,
        "sortable": 4.300409952884704
    },
    "counts": {
        "1": 0,
        "2": 0,
        "3": 5,
        "4": 11,
        "5": 39
    }
}