{
    "summary": {
        "average": 4.458715596330276,
        "count": 109,
        "sortable": 4.234761562113764
    },
    "counts": {
        "1": 3,
        "2": 3,
        "3": 11,
        "4": 16,
        "5": 76
    }
}