{
    "summary": {
        "average": 4.1571428571428575,
        "count": 70,
        "sortable": 3.8732209417098327
    },
    "counts": {
        "1": 2,
        "2": 2,
        "3": 14,
        "4": 17,
        "5": 35
    }
}