{
    "summary": {
        "average": 4.647058823529412,
        "count": 17,
        "sortable": 3.8304014042625805
    },
    "counts": {
        "1": 1,
        "2": 0,
        "3": 0,
        "4": 2,
        "5": 14
    }
}