{
    "summary": {
        "average": 4.584415584415584,
        "count": 77,
        "sortable": 4.310614937120687
    },
    "counts": {
        "1": 1,
        "2": 4,
        "3": 1,
        "4": 14,
        "5": 57
    }
}