{
    "summary": {
        "average": 4.411764705882353,
        "count": 17,
        "sortable": 3.732925608171349
    },
    "counts": {
        "1": 0,
        "2": 0,
        "3": 1,
        "4": 8,
        "5": 8
    }
}