{
    "summary": {
        "average": 4.888888888888889,
        "count": 9,
        "sortable": 3.6759137353017577
    },
    "counts": {
        "1": 0,
        "2": 0,
        "3": 0,
        "4": 1,
        "5": 8
    }
}