{
    "summary": {
        "average": 4.739130434782608,
        "count": 23,
        "sortable": 4.067626153069577
    },
    "counts": {
        "1": 1,
        "2": 0,
        "3": 0,
        "4": 2,
        "5": 20
    }
}