{
    "summary": {
        "average": 2.6666666666666665,
        "count": 6,
        "sortable": 2.036357029626223
    },
    "counts": {
        "1": 3,
        "2": 0,
        "3": 1,
        "4": 0,
        "5": 2
    }
}