{
    "summary": {
        "average": 4.294117647058823,
        "count": 17,
        "sortable": 3.640652765722889
    },
    "counts": {
        "1": 0,
        "2": 0,
        "3": 2,
        "4": 8,
        "5": 7
    }
}