{
    "summary": {
        "average": 3.8333333333333335,
        "count": 72,
        "sortable": 3.5628844372140756
    },
    "counts": {
        "1": 4,
        "2": 4,
        "3": 16,
        "4": 24,
        "5": 24
    }
}