{
    "summary": {
        "average": 4.2631578947368425,
        "count": 19,
        "sortable": 3.6435592615875674
    },
    "counts": {
        "1": 0,
        "2": 0,
        "3": 4,
        "4": 6,
        "5": 9
    }
}