{
    "summary": {
        "average": 3.891891891891892,
        "count": 111,
        "sortable": 3.668506429387739
    },
    "counts": {
        "1": 8,
        "2": 3,
        "3": 28,
        "4": 26,
        "5": 46
    }
}