{
    "summary": {
        "average": 4.333333333333333,
        "count": 9,
        "sortable": 3.23647830217301
    },
    "counts": {
        "1": 1,
        "2": 0,
        "3": 0,
        "4": 2,
        "5": 6
    }
}