{
    "summary": {
        "average": 4.074074074074074,
        "count": 27,
        "sortable": 3.551844826020062
    },
    "counts": {
        "1": 1,
        "2": 1,
        "3": 7,
        "4": 4,
        "5": 14
    }
}