{
    "summary": {
        "average": 4.708333333333333,
        "count": 24,
        "sortable": 4.102157855212577
    },
    "counts": {
        "1": 0,
        "2": 0,
        "3": 2,
        "4": 3,
        "5": 19
    }
}