{
    "summary": {
        "average": 3.9696969696969697,
        "count": 33,
        "sortable": 3.461023638341024
    },
    "counts": {
        "1": 4,
        "2": 2,
        "3": 3,
        "4": 6,
        "5": 18
    }
}