{
    "summary": {
        "average": 3.9541284403669725,
        "count": 109,
        "sortable": 3.706898907721895
    },
    "counts": {
        "1": 10,
        "2": 8,
        "3": 13,
        "4": 24,
        "5": 54
    }
}