{
    "summary": {
        "average": 3.857142857142857,
        "count": 7,
        "sortable": 2.839471365554016
    },
    "counts": {
        "1": 0,
        "2": 2,
        "3": 1,
        "4": 0,
        "5": 4
    }
}