{
    "summary": {
        "average": 4.733333333333333,
        "count": 30,
        "sortable": 4.181814463337213
    },
    "counts": {
        "1": 1,
        "2": 0,
        "3": 1,
        "4": 2,
        "5": 26
    }
}