{
    "summary": {
        "average": 3.888888888888889,
        "count": 9,
        "sortable": 3.0695545324303297
    },
    "counts": {
        "1": 0,
        "2": 0,
        "3": 4,
        "4": 2,
        "5": 3
    }
}