{
    "summary": {
        "average": 4.222222222222222,
        "count": 9,
        "sortable": 3.271986910225563
    },
    "counts": {
        "1": 0,
        "2": 0,
        "3": 2,
        "4": 3,
        "5": 4
    }
}