{
    "summary": {
        "average": 4.411764705882353,
        "count": 34,
        "sortable": 3.976923076923077
    },
    "counts": {
        "1": 0,
        "2": 1,
        "3": 2,
        "4": 13,
        "5": 18
    }
}