{
    "summary": {
        "average": 3.772727272727273,
        "count": 22,
        "sortable": 3.3104112831429555
    },
    "counts": {
        "1": 0,
        "2": 2,
        "3": 5,
        "4": 11,
        "5": 4
    }
}