{
    "summary": {
        "average": 4.416666666666667,
        "count": 24,
        "sortable": 3.8756776836252587
    },
    "counts": {
        "1": 0,
        "2": 0,
        "3": 2,
        "4": 10,
        "5": 12
    }
}