{
    "summary": {
        "average": 4.560975609756097,
        "count": 82,
        "sortable": 4.33310453602662
    },
    "counts": {
        "1": 0,
        "2": 0,
        "3": 6,
        "4": 24,
        "5": 52
    }
}