{
    "summary": {
        "average": 4.171428571428572,
        "count": 35,
        "sortable": 3.7016699210728703
    },
    "counts": {
        "1": 2,
        "2": 1,
        "3": 6,
        "4": 6,
        "5": 20
    }
}