{
    "summary": {
        "average": 3.6547619047619047,
        "count": 84,
        "sortable": 3.44017603899587
    },
    "counts": {
        "1": 1,
        "2": 10,
        "3": 24,
        "4": 31,
        "5": 18
    }
}