{
    "summary": {
        "average": 4.379310344827586,
        "count": 29,
        "sortable": 3.8219353226094093
    },
    "counts": {
        "1": 1,
        "2": 2,
        "3": 3,
        "4": 2,
        "5": 21
    }
}