{
    "summary": {
        "average": 3.888888888888889,
        "count": 9,
        "sortable": 2.9751133555111062
    },
    "counts": {
        "1": 1,
        "2": 0,
        "3": 2,
        "4": 2,
        "5": 4
    }
}