{
    "summary": {
        "average": 3.9705882352941178,
        "count": 34,
        "sortable": 3.5719686627596676
    },
    "counts": {
        "1": 1,
        "2": 1,
        "3": 6,
        "4": 16,
        "5": 10
    }
}