{
    "summary": {
        "average": 4.2105263157894735,
        "count": 38,
        "sortable": 3.759753397969853
    },
    "counts": {
        "1": 2,
        "2": 2,
        "3": 4,
        "4": 8,
        "5": 22
    }
}