{
    "summary": {
        "average": 4.181818181818182,
        "count": 11,
        "sortable": 3.3385999820404533
    },
    "counts": {
        "1": 0,
        "2": 0,
        "3": 3,
        "4": 3,
        "5": 5
    }
}