{
    "summary": {
        "average": 3.5454545454545454,
        "count": 11,
        "sortable": 2.8874363729304897
    },
    "counts": {
        "1": 0,
        "2": 3,
        "3": 1,
        "4": 5,
        "5": 2
    }
}