{
    "summary": {
        "average": 4.142857142857143,
        "count": 14,
        "sortable": 3.316728469205908
    },
    "counts": {
        "1": 1,
        "2": 1,
        "3": 2,
        "4": 1,
        "5": 9
    }
}