{
    "summary": {
        "average": 4.214285714285714,
        "count": 14,
        "sortable": 3.499629121599419
    },
    "counts": {
        "1": 0,
        "2": 0,
        "3": 2,
        "4": 7,
        "5": 5
    }
}