{
    "summary": {
        "average": 4.028169014084507,
        "count": 142,
        "sortable": 3.8145655028034193
    },
    "counts": {
        "1": 13,
        "2": 7,
        "3": 19,
        "4": 27,
        "5": 76
    }
}