{
    "summary": {
        "average": 3.8846153846153846,
        "count": 26,
        "sortable": 3.4278919493550033
    },
    "counts": {
        "1": 1,
        "2": 1,
        "3": 4,
        "4": 14,
        "5": 6
    }
}