{
    "summary": {
        "average": 4.7272727272727275,
        "count": 11,
        "sortable": 3.692929874158376
    },
    "counts": {
        "1": 0,
        "2": 0,
        "3": 1,
        "4": 1,
        "5": 9
    }
}