{
    "summary": {
        "average": 4.239130434782608,
        "count": 46,
        "sortable": 3.8926925340960437
    },
    "counts": {
        "1": 0,
        "2": 2,
        "3": 6,
        "4": 17,
        "5": 21
    }
}