{
    "summary": {
        "average": 3.3823529411764706,
        "count": 34,
        "sortable": 3.0479523464188087
    },
    "counts": {
        "1": 3,
        "2": 1,
        "3": 14,
        "4": 12,
        "5": 4
    }
}