{
    "summary": {
        "average": 4.764705882352941,
        "count": 17,
        "sortable": 3.9818499448558917
    },
    "counts": {
        "1": 0,
        "2": 0,
        "3": 1,
        "4": 2,
        "5": 14
    }
}