{
    "summary": {
        "average": 4.321428571428571,
        "count": 28,
        "sortable": 3.7962686872207296
    },
    "counts": {
        "1": 1,
        "2": 0,
        "3": 4,
        "4": 7,
        "5": 16
    }
}