{
    "summary": {
        "average": 4.142857142857143,
        "count": 7,
        "sortable": 3.0959046928376184
    },
    "counts": {
        "1": 0,
        "2": 0,
        "3": 2,
        "4": 2,
        "5": 3
    }
}