{
    "summary": {
        "average": 4.384615384615385,
        "count": 13,
        "sortable": 3.545056394472319
    },
    "counts": {
        "1": 0,
        "2": 0,
        "3": 3,
        "4": 2,
        "5": 8
    }
}