{
    "summary": {
        "average": 3.925373134328358,
        "count": 201,
        "sortable": 3.7865555584226103
    },
    "counts": {
        "1": 5,
        "2": 10,
        "3": 47,
        "4": 72,
        "5": 67
    }
}