{
    "summary": {
        "average": 3.7142857142857144,
        "count": 7,
        "sortable": 2.6587358422404637
    },
    "counts": {
        "1": 2,
        "2": 0,
        "3": 0,
        "4": 1,
        "5": 4
    }
}