{
    "summary": {
        "average": 4.428571428571429,
        "count": 14,
        "sortable": 3.6298612340283607
    },
    "counts": {
        "1": 0,
        "2": 0,
        "3": 2,
        "4": 4,
        "5": 8
    }
}