{
    "summary": {
        "average": 3.7872340425531914,
        "count": 47,
        "sortable": 3.47914115216064
    },
    "counts": {
        "1": 0,
        "2": 5,
        "3": 12,
        "4": 18,
        "5": 12
    }
}