{
    "summary": {
        "average": 4.647058823529412,
        "count": 17,
        "sortable": 3.818400250112217
    },
    "counts": {
        "1": 1,
        "2": 0,
        "3": 1,
        "4": 0,
        "5": 15
    }
}