{
    "summary": {
        "average": 3.3333333333333335,
        "count": 6,
        "sortable": 2.613927347238154
    },
    "counts": {
        "1": 0,
        "2": 1,
        "3": 3,
        "4": 1,
        "5": 1
    }
}