{
    "summary": {
        "average": 4.166666666666667,
        "count": 6,
        "sortable": 3.0178977925209867
    },
    "counts": {
        "1": 0,
        "2": 0,
        "3": 2,
        "4": 1,
        "5": 3
    }
}