{
    "summary": {
        "average": 4.166666666666667,
        "count": 24,
        "sortable": 3.6542284471120166
    },
    "counts": {
        "1": 0,
        "2": 1,
        "3": 3,
        "4": 11,
        "5": 9
    }
}