{
    "summary": {
        "average": 4.612903225806452,
        "count": 31,
        "sortable": 4.108167622452894
    },
    "counts": {
        "1": 0,
        "2": 1,
        "3": 2,
        "4": 5,
        "5": 23
    }
}