{
    "summary": {
        "average": 4.142857142857143,
        "count": 7,
        "sortable": 2.98447562642602
    },
    "counts": {
        "1": 0,
        "2": 2,
        "3": 0,
        "4": 0,
        "5": 5
    }
}