{
    "summary": {
        "average": 2.3333333333333335,
        "count": 3,
        "sortable": 1.8483522029084751
    },
    "counts": {
        "1": 2,
        "2": 0,
        "3": 0,
        "4": 0,
        "5": 1
    }
}