{
    "summary": {
        "average": 3.4166666666666665,
        "count": 12,
        "sortable": 2.8365779651145866
    },
    "counts": {
        "1": 1,
        "2": 1,
        "3": 3,
        "4": 6,
        "5": 1
    }
}