{
    "summary": {
        "average": 4.823529411764706,
        "count": 17,
        "sortable": 4.040007143413039
    },
    "counts": {
        "1": 0,
        "2": 0,
        "3": 0,
        "4": 3,
        "5": 14
    }
}