{
    "summary": {
        "average": 4.134831460674158,
        "count": 89,
        "sortable": 3.8926108861455075
    },
    "counts": {
        "1": 2,
        "2": 4,
        "3": 17,
        "4": 23,
        "5": 43
    }
}