{
    "summary": {
        "average": 3.945945945945946,
        "count": 111,
        "sortable": 3.7500499730483465
    },
    "counts": {
        "1": 4,
        "2": 2,
        "3": 26,
        "4": 43,
        "5": 36
    }
}