{
    "summary": {
        "average": 3.6666666666666665,
        "count": 9,
        "sortable": 2.9532305197577253
    },
    "counts": {
        "1": 0,
        "2": 0,
        "3": 5,
        "4": 2,
        "5": 2
    }
}