{
    "summary": {
        "average": 4.099009900990099,
        "count": 101,
        "sortable": 3.8659835517088887
    },
    "counts": {
        "1": 5,
        "2": 4,
        "3": 14,
        "4": 31,
        "5": 47
    }
}