{
    "summary": {
        "average": 3.857142857142857,
        "count": 14,
        "sortable": 3.180334131712319
    },
    "counts": {
        "1": 1,
        "2": 0,
        "3": 3,
        "4": 6,
        "5": 4
    }
}