{
    "summary": {
        "average": 4.142857142857143,
        "count": 14,
        "sortable": 3.3593693793477044
    },
    "counts": {
        "1": 1,
        "2": 0,
        "3": 2,
        "4": 4,
        "5": 7
    }
}