{
    "summary": {
        "average": 4.117647058823529,
        "count": 17,
        "sortable": 3.4853895498045575
    },
    "counts": {
        "1": 0,
        "2": 1,
        "3": 2,
        "4": 8,
        "5": 6
    }
}