{
    "summary": {
        "average": 3.3333333333333335,
        "count": 18,
        "sortable": 2.7823098759606855
    },
    "counts": {
        "1": 3,
        "2": 2,
        "3": 4,
        "4": 4,
        "5": 5
    }
}