{
    "summary": {
        "average": 3.8260869565217392,
        "count": 46,
        "sortable": 3.501746873765744
    },
    "counts": {
        "1": 2,
        "2": 2,
        "3": 9,
        "4": 22,
        "5": 11
    }
}