{
    "summary": {
        "average": 4.555555555555555,
        "count": 9,
        "sortable": 3.355905951853968
    },
    "counts": {
        "1": 1,
        "2": 0,
        "3": 0,
        "4": 0,
        "5": 8
    }
}