{
    "summary": {
        "average": 3.836734693877551,
        "count": 49,
        "sortable": 3.5329530371334865
    },
    "counts": {
        "1": 0,
        "2": 5,
        "3": 11,
        "4": 20,
        "5": 13
    }
}