{
    "summary": {
        "average": 3.6666666666666665,
        "count": 6,
        "sortable": 2.8549616149019688
    },
    "counts": {
        "1": 0,
        "2": 0,
        "3": 2,
        "4": 4,
        "5": 0
    }
}