{
    "summary": {
        "average": 2.857142857142857,
        "count": 7,
        "sortable": 2.2572398322111673
    },
    "counts": {
        "1": 1,
        "2": 3,
        "3": 1,
        "4": 0,
        "5": 2
    }
}