{
    "summary": {
        "average": 4.666666666666667,
        "count": 6,
        "sortable": 3.2845911092510693
    },
    "counts": {
        "1": 0,
        "2": 0,
        "3": 0,
        "4": 2,
        "5": 4
    }
}