{
    "summary": {
        "average": 4.18705035971223,
        "count": 139,
        "sortable": 4.013682534951593
    },
    "counts": {
        "1": 4,
        "2": 4,
        "3": 12,
        "4": 61,
        "5": 58
    }
}