{
    "summary": {
        "average": 3.3333333333333335,
        "count": 3,
        "sortable": 2.3750260421187948
    },
    "counts": {
        "1": 0,
        "2": 1,
        "3": 1,
        "4": 0,
        "5": 1
    }
}