{
    "summary": {
        "average": 3.6666666666666665,
        "count": 6,
        "sortable": 2.745170519793715
    },
    "counts": {
        "1": 0,
        "2": 1,
        "3": 2,
        "4": 1,
        "5": 2
    }
}