{
    "summary": {
        "average": 3.6666666666666665,
        "count": 3,
        "sortable": 2.484432400110872
    },
    "counts": {
        "1": 0,
        "2": 1,
        "3": 0,
        "4": 1,
        "5": 1
    }
}