{
    "summary": {
        "average": 4.333333333333333,
        "count": 6,
        "sortable": 2.9648751931738815
    },
    "counts": {
        "1": 1,
        "2": 0,
        "3": 0,
        "4": 0,
        "5": 5
    }
}