{
    "summary": {
        "average": 4.428571428571429,
        "count": 14,
        "sortable": 3.5817583405400453
    },
    "counts": {
        "1": 0,
        "2": 1,
        "3": 2,
        "4": 1,
        "5": 10
    }
}