{
    "summary": {
        "average": 3.8333333333333335,
        "count": 6,
        "sortable": 2.9421979162474736
    },
    "counts": {
        "1": 0,
        "2": 0,
        "3": 1,
        "4": 5,
        "5": 0
    }
}