{
    "summary": {
        "average": 4.130434782608695,
        "count": 23,
        "sortable": 3.601750890170152
    },
    "counts": {
        "1": 0,
        "2": 1,
        "3": 4,
        "4": 9,
        "5": 9
    }
}