{
    "summary": {
        "average": 3.8333333333333335,
        "count": 6,
        "sortable": 2.9034102624192393
    },
    "counts": {
        "1": 0,
        "2": 0,
        "3": 2,
        "4": 3,
        "5": 1
    }
}