{
    "summary": {
        "average": 3.9285714285714284,
        "count": 28,
        "sortable": 3.3541873822755432
    },
    "counts": {
        "1": 4,
        "2": 2,
        "3": 3,
        "4": 2,
        "5": 17
    }
}