{
    "summary": {
        "average": 4.142857142857143,
        "count": 7,
        "sortable": 3.0661060311575805
    },
    "counts": {
        "1": 0,
        "2": 1,
        "3": 0,
        "4": 3,
        "5": 3
    }
}