{
    "summary": {
        "average": 3.6666666666666665,
        "count": 15,
        "sortable": 3.0517295140527
    },
    "counts": {
        "1": 1,
        "2": 1,
        "3": 4,
        "4": 5,
        "5": 4
    }
}