{
    "summary": {
        "average": 4.444444444444445,
        "count": 9,
        "sortable": 3.295352006305581
    },
    "counts": {
        "1": 1,
        "2": 0,
        "3": 0,
        "4": 1,
        "5": 7
    }
}