{
    "summary": {
        "average": 4.4324324324324325,
        "count": 37,
        "sortable": 4.009925765145541
    },
    "counts": {
        "1": 0,
        "2": 1,
        "3": 4,
        "4": 10,
        "5": 22
    }
}