{
    "summary": {
        "average": 3.923076923076923,
        "count": 26,
        "sortable": 3.4289943399633844
    },
    "counts": {
        "1": 2,
        "2": 0,
        "3": 4,
        "4": 12,
        "5": 8
    }
}