{
    "summary": {
        "average": 3.9411764705882355,
        "count": 17,
        "sortable": 3.350645821586268
    },
    "counts": {
        "1": 0,
        "2": 1,
        "3": 4,
        "4": 7,
        "5": 5
    }
}