{
    "summary": {
        "average": 4.555555555555555,
        "count": 27,
        "sortable": 3.9432868374840897
    },
    "counts": {
        "1": 2,
        "2": 0,
        "3": 1,
        "4": 2,
        "5": 22
    }
}