{
    "summary": {
        "average": 3.1578947368421053,
        "count": 19,
        "sortable": 2.6852148962277145
    },
    "counts": {
        "1": 4,
        "2": 0,
        "3": 7,
        "4": 5,
        "5": 3
    }
}