{
    "summary": {
        "average": 4.0476190476190474,
        "count": 21,
        "sortable": 3.497275677832352
    },
    "counts": {
        "1": 0,
        "2": 1,
        "3": 5,
        "4": 7,
        "5": 8
    }
}