{
    "summary": {
        "average": 4.111111111111111,
        "count": 18,
        "sortable": 3.5211808149398522
    },
    "counts": {
        "1": 0,
        "2": 0,
        "3": 4,
        "4": 8,
        "5": 6
    }
}