{
    "summary": {
        "average": 4.237288135593221,
        "count": 59,
        "sortable": 3.8877179423826447
    },
    "counts": {
        "1": 4,
        "2": 3,
        "3": 2,
        "4": 16,
        "5": 34
    }
}