{
    "summary": {
        "average": 4.555555555555555,
        "count": 9,
        "sortable": 3.490798945125097
    },
    "counts": {
        "1": 0,
        "2": 0,
        "3": 0,
        "4": 4,
        "5": 5
    }
}