{
    "summary": {
        "average": 4.388888888888889,
        "count": 18,
        "sortable": 3.611543806798302
    },
    "counts": {
        "1": 2,
        "2": 0,
        "3": 0,
        "4": 3,
        "5": 13
    }
}