{
    "summary": {
        "average": 3.8333333333333335,
        "count": 12,
        "sortable": 3.088070961261343
    },
    "counts": {
        "1": 0,
        "2": 2,
        "3": 3,
        "4": 2,
        "5": 5
    }
}