{
    "summary": {
        "average": 3.8333333333333335,
        "count": 12,
        "sortable": 3.0213659701550357
    },
    "counts": {
        "1": 1,
        "2": 2,
        "3": 1,
        "4": 2,
        "5": 6
    }
}