{
    "summary": {
        "average": 3.473684210526316,
        "count": 19,
        "sortable": 2.950973541509495
    },
    "counts": {
        "1": 2,
        "2": 3,
        "3": 1,
        "4": 10,
        "5": 3
    }
}