{
    "summary": {
        "average": 3.769230769230769,
        "count": 13,
        "sortable": 3.031918365859533
    },
    "counts": {
        "1": 1,
        "2": 2,
        "3": 1,
        "4": 4,
        "5": 5
    }
}