{
    "summary": {
        "average": 4.136363636363637,
        "count": 22,
        "sortable": 3.632847332834592
    },
    "counts": {
        "1": 0,
        "2": 0,
        "3": 3,
        "4": 13,
        "5": 6
    }
}