{
    "summary": {
        "average": 4.0989010989010985,
        "count": 91,
        "sortable": 3.8674334884640125
    },
    "counts": {
        "1": 1,
        "2": 5,
        "3": 19,
        "4": 25,
        "5": 41
    }
}