{
    "summary": {
        "average": 3.58974358974359,
        "count": 78,
        "sortable": 3.364157069755653
    },
    "counts": {
        "1": 2,
        "2": 7,
        "3": 30,
        "4": 21,
        "5": 18
    }
}