{
    "summary": {
        "average": 4.166666666666667,
        "count": 6,
        "sortable": 2.8964312070162
    },
    "counts": {
        "1": 1,
        "2": 0,
        "3": 0,
        "4": 1,
        "5": 4
    }
}