{
    "summary": {
        "average": 3.142857142857143,
        "count": 7,
        "sortable": 2.4239064988778347
    },
    "counts": {
        "1": 1,
        "2": 2,
        "3": 1,
        "4": 1,
        "5": 2
    }
}