{
    "summary": {
        "average": 3.8181818181818183,
        "count": 11,
        "sortable": 3.0529772859433
    },
    "counts": {
        "1": 1,
        "2": 0,
        "3": 2,
        "4": 5,
        "5": 3
    }
}