{
    "summary": {
        "average": 4.285714285714286,
        "count": 7,
        "sortable": 3.1856440873404033
    },
    "counts": {
        "1": 0,
        "2": 0,
        "3": 1,
        "4": 3,
        "5": 3
    }
}