{
    "summary": {
        "average": 4.714285714285714,
        "count": 7,
        "sortable": 3.4092052289174677
    },
    "counts": {
        "1": 0,
        "2": 0,
        "3": 0,
        "4": 2,
        "5": 5
    }
}