{
    "summary": {
        "average": 4.785714285714286,
        "count": 14,
        "sortable": 3.9002157455134974
    },
    "counts": {
        "1": 0,
        "2": 0,
        "3": 0,
        "4": 3,
        "5": 11
    }
}