{
    "summary": {
        "average": 4.162162162162162,
        "count": 111,
        "sortable": 3.959827122467219
    },
    "counts": {
        "1": 2,
        "2": 4,
        "3": 18,
        "4": 37,
        "5": 50
    }
}