{
    "summary": {
        "average": 4.133333333333334,
        "count": 15,
        "sortable": 3.4198079747700705
    },
    "counts": {
        "1": 0,
        "2": 1,
        "3": 3,
        "4": 4,
        "5": 7
    }
}