{
    "summary": {
        "average": 4.190476190476191,
        "count": 21,
        "sortable": 3.6504018894846
    },
    "counts": {
        "1": 0,
        "2": 0,
        "3": 3,
        "4": 11,
        "5": 7
    }
}