{
    "summary": {
        "average": 4.282608695652174,
        "count": 46,
        "sortable": 3.928621445088429
    },
    "counts": {
        "1": 0,
        "2": 2,
        "3": 6,
        "4": 15,
        "5": 23
    }
}