{
    "summary": {
        "average": 4.285714285714286,
        "count": 7,
        "sortable": 3.126858532545347
    },
    "counts": {
        "1": 0,
        "2": 1,
        "3": 0,
        "4": 2,
        "5": 4
    }
}