{
    "summary": {
        "average": 4.518518518518518,
        "count": 27,
        "sortable": 3.9831480944479725
    },
    "counts": {
        "1": 0,
        "2": 1,
        "3": 1,
        "4": 8,
        "5": 17
    }
}