{
    "summary": {
        "average": 3.787878787878788,
        "count": 33,
        "sortable": 3.3516305836214824
    },
    "counts": {
        "1": 3,
        "2": 0,
        "3": 10,
        "4": 8,
        "5": 12
    }
}