{
    "summary": {
        "average": 3.909090909090909,
        "count": 11,
        "sortable": 3.158416772602963
    },
    "counts": {
        "1": 0,
        "2": 1,
        "3": 2,
        "4": 5,
        "5": 3
    }
}