{
    "summary": {
        "average": 3.6666666666666665,
        "count": 3,
        "sortable": 2.5355290418778385
    },
    "counts": {
        "1": 0,
        "2": 0,
        "3": 2,
        "4": 0,
        "5": 1
    }
}