{
    "summary": {
        "average": 3.731707317073171,
        "count": 82,
        "sortable": 3.524589787033775
    },
    "counts": {
        "1": 1,
        "2": 3,
        "3": 31,
        "4": 29,
        "5": 18
    }
}