{
    "summary": {
        "average": 3.7777777777777777,
        "count": 9,
        "sortable": 3.0517295140527
    },
    "counts": {
        "1": 0,
        "2": 0,
        "3": 3,
        "4": 5,
        "5": 1
    }
}