{
    "summary": {
        "average": 3.8333333333333335,
        "count": 42,
        "sortable": 3.4872008000185435
    },
    "counts": {
        "1": 1,
        "2": 3,
        "3": 10,
        "4": 16,
        "5": 12
    }
}