{
    "summary": {
        "average": 3.914285714285714,
        "count": 35,
        "sortable": 3.534695297128276
    },
    "counts": {
        "1": 1,
        "2": 1,
        "3": 7,
        "4": 17,
        "5": 9
    }
}