{
    "summary": {
        "average": 4.161290322580645,
        "count": 93,
        "sortable": 3.9569884410035496
    },
    "counts": {
        "1": 0,
        "2": 2,
        "3": 17,
        "4": 38,
        "5": 36
    }
}