{
    "summary": {
        "average": 4.450980392156863,
        "count": 102,
        "sortable": 4.236524515145272
    },
    "counts": {
        "1": 1,
        "2": 3,
        "3": 8,
        "4": 27,
        "5": 63
    }
}