{
    "summary": {
        "average": 4.266666666666667,
        "count": 15,
        "sortable": 3.5478439801697417
    },
    "counts": {
        "1": 0,
        "2": 0,
        "3": 3,
        "4": 5,
        "5": 7
    }
}