{
    "summary": {
        "average": 4.042553191489362,
        "count": 47,
        "sortable": 3.67779682154129
    },
    "counts": {
        "1": 3,
        "2": 1,
        "3": 6,
        "4": 18,
        "5": 19
    }
}