{
    "summary": {
        "average": 4.305555555555555,
        "count": 180,
        "sortable": 4.160431089069717
    },
    "counts": {
        "1": 2,
        "2": 5,
        "3": 21,
        "4": 60,
        "5": 92
    }
}