{
    "summary": {
        "average": 4.153061224489796,
        "count": 98,
        "sortable": 3.921701908553679
    },
    "counts": {
        "1": 3,
        "2": 3,
        "3": 19,
        "4": 24,
        "5": 49
    }
}