{
    "summary": {
        "average": 4.235294117647059,
        "count": 17,
        "sortable": 3.5737211198279324
    },
    "counts": {
        "1": 0,
        "2": 0,
        "3": 4,
        "4": 5,
        "5": 8
    }
}