{
    "summary": {
        "average": 4.571428571428571,
        "count": 7,
        "sortable": 3.342095338163006
    },
    "counts": {
        "1": 0,
        "2": 0,
        "3": 0,
        "4": 3,
        "5": 4
    }
}