{
    "summary": {
        "average": 4.212990936555891,
        "count": 662,
        "sortable": 4.135115389823885
    },
    "counts": {
        "1": 32,
        "2": 19,
        "3": 74,
        "4": 188,
        "5": 349
    }
}