{
    "summary": {
        "average": 3.652173913043478,
        "count": 23,
        "sortable": 3.130536486365467
    },
    "counts": {
        "1": 1,
        "2": 5,
        "3": 3,
        "4": 6,
        "5": 8
    }
}