{
    "summary": {
        "average": 4.430379746835443,
        "count": 79,
        "sortable": 4.123464593903158
    },
    "counts": {
        "1": 5,
        "2": 3,
        "3": 6,
        "4": 4,
        "5": 61
    }
}