{
    "summary": {
        "average": 3.2857142857142856,
        "count": 7,
        "sortable": 2.7154397068883647
    },
    "counts": {
        "1": 0,
        "2": 0,
        "3": 5,
        "4": 2,
        "5": 0
    }
}