{
    "summary": {
        "average": 4.333333333333333,
        "count": 21,
        "sortable": 3.714621645217137
    },
    "counts": {
        "1": 1,
        "2": 0,
        "3": 0,
        "4": 10,
        "5": 10
    }
}