{
    "summary": {
        "average": 3.7142857142857144,
        "count": 7,
        "sortable": 2.7572398322111678
    },
    "counts": {
        "1": 1,
        "2": 0,
        "3": 2,
        "4": 1,
        "5": 3
    }
}