{
    "summary": {
        "average": 3.914285714285714,
        "count": 35,
        "sortable": 3.5165446221721797
    },
    "counts": {
        "1": 1,
        "2": 1,
        "3": 10,
        "4": 11,
        "5": 12
    }
}