{
    "summary": {
        "average": 4.107142857142857,
        "count": 28,
        "sortable": 3.5845949076292283
    },
    "counts": {
        "1": 1,
        "2": 2,
        "3": 5,
        "4": 5,
        "5": 15
    }
}