{
    "summary": {
        "average": 4.761904761904762,
        "count": 21,
        "sortable": 4.037442056275313
    },
    "counts": {
        "1": 1,
        "2": 0,
        "3": 0,
        "4": 1,
        "5": 19
    }
}