{
    "summary": {
        "average": 2.6666666666666665,
        "count": 3,
        "sortable": 2.1250260421187948
    },
    "counts": {
        "1": 1,
        "2": 0,
        "3": 1,
        "4": 1,
        "5": 0
    }
}