{
    "summary": {
        "average": 3.7142857142857144,
        "count": 7,
        "sortable": 2.8420953381630056
    },
    "counts": {
        "1": 0,
        "2": 1,
        "3": 2,
        "4": 2,
        "5": 2
    }
}