{
    "summary": {
        "average": 3.2857142857142856,
        "count": 7,
        "sortable": 2.6114033888494617
    },
    "counts": {
        "1": 1,
        "2": 0,
        "3": 2,
        "4": 4,
        "5": 0
    }
}