{
    "summary": {
        "average": 3.8333333333333335,
        "count": 12,
        "sortable": 3.1651656907739936
    },
    "counts": {
        "1": 0,
        "2": 0,
        "3": 5,
        "4": 4,
        "5": 3
    }
}