{
    "summary": {
        "average": 4.333333333333333,
        "count": 12,
        "sortable": 3.489392233878063
    },
    "counts": {
        "1": 0,
        "2": 0,
        "3": 2,
        "4": 4,
        "5": 6
    }
}