{
    "summary": {
        "average": 3.857142857142857,
        "count": 7,
        "sortable": 2.866443190574649
    },
    "counts": {
        "1": 0,
        "2": 2,
        "3": 0,
        "4": 2,
        "5": 3
    }
}