{
    "summary": {
        "average": 4.230769230769231,
        "count": 13,
        "sortable": 3.4538215082097645
    },
    "counts": {
        "1": 0,
        "2": 0,
        "3": 3,
        "4": 4,
        "5": 6
    }
}