{
    "summary": {
        "average": 3.7142857142857144,
        "count": 14,
        "sortable": 3.1227101565531217
    },
    "counts": {
        "1": 0,
        "2": 1,
        "3": 5,
        "4": 5,
        "5": 3
    }
}