{
    "summary": {
        "average": 3.9444444444444446,
        "count": 18,
        "sortable": 3.3152215719269695
    },
    "counts": {
        "1": 1,
        "2": 1,
        "3": 3,
        "4": 6,
        "5": 7
    }
}