{
    "summary": {
        "average": 4.137254901960785,
        "count": 51,
        "sortable": 3.821246552869007
    },
    "counts": {
        "1": 0,
        "2": 2,
        "3": 10,
        "4": 18,
        "5": 21
    }
}