{
    "summary": {
        "average": 3.6470588235294117,
        "count": 17,
        "sortable": 3.0883160245380274
    },
    "counts": {
        "1": 0,
        "2": 3,
        "3": 5,
        "4": 4,
        "5": 5
    }
}