{
    "summary": {
        "average": 3.6666666666666665,
        "count": 18,
        "sortable": 3.1387569757423552
    },
    "counts": {
        "1": 0,
        "2": 3,
        "3": 4,
        "4": 7,
        "5": 4
    }
}