{
    "summary": {
        "average": 3.466666666666667,
        "count": 15,
        "sortable": 2.8906594400665235
    },
    "counts": {
        "1": 1,
        "2": 3,
        "3": 2,
        "4": 6,
        "5": 3
    }
}