{
    "summary": {
        "average": 4.380952380952381,
        "count": 21,
        "sortable": 3.793873989059083
    },
    "counts": {
        "1": 0,
        "2": 0,
        "3": 2,
        "4": 9,
        "5": 10
    }
}