{
    "summary": {
        "average": 3.857142857142857,
        "count": 7,
        "sortable": 2.955314134286842
    },
    "counts": {
        "1": 0,
        "2": 0,
        "3": 3,
        "4": 2,
        "5": 2
    }
}