{
    "summary": {
        "average": 3.3529411764705883,
        "count": 17,
        "sortable": 2.9760060596991678
    },
    "counts": {
        "1": 0,
        "2": 1,
        "3": 9,
        "4": 7,
        "5": 0
    }
}