{
    "summary": {
        "average": 4.357142857142857,
        "count": 42,
        "sortable": 3.998981824499046
    },
    "counts": {
        "1": 0,
        "2": 0,
        "3": 5,
        "4": 17,
        "5": 20
    }
}