{
    "summary": {
        "average": 4.277777777777778,
        "count": 18,
        "sortable": 3.6153417666008707
    },
    "counts": {
        "1": 0,
        "2": 1,
        "3": 2,
        "4": 6,
        "5": 9
    }
}