{
    "summary": {
        "average": 4.373563218390805,
        "count": 348,
        "sortable": 4.278449588576055
    },
    "counts": {
        "1": 4,
        "2": 6,
        "3": 39,
        "4": 106,
        "5": 193
    }
}