{
    "summary": {
        "average": 3.888888888888889,
        "count": 9,
        "sortable": 3.0443554053036213
    },
    "counts": {
        "1": 0,
        "2": 1,
        "3": 2,
        "4": 3,
        "5": 3
    }
}