{
    "summary": {
        "average": 4.364077669902913,
        "count": 206,
        "sortable": 4.23221951239786
    },
    "counts": {
        "1": 1,
        "2": 6,
        "3": 24,
        "4": 61,
        "5": 114
    }
}