{
    "summary": {
        "average": 4.166666666666667,
        "count": 12,
        "sortable": 3.223471744409102
    },
    "counts": {
        "1": 2,
        "2": 0,
        "3": 0,
        "4": 2,
        "5": 8
    }
}