{
    "summary": {
        "average": 4.378947368421053,
        "count": 95,
        "sortable": 4.144681742576254
    },
    "counts": {
        "1": 2,
        "2": 3,
        "3": 9,
        "4": 24,
        "5": 57
    }
}