{
    "summary": {
        "average": 4.454545454545454,
        "count": 11,
        "sortable": 3.509876966226546
    },
    "counts": {
        "1": 0,
        "2": 0,
        "3": 2,
        "4": 2,
        "5": 7
    }
}