{
    "summary": {
        "average": 4.096153846153846,
        "count": 52,
        "sortable": 3.724750566842145
    },
    "counts": {
        "1": 3,
        "2": 5,
        "3": 3,
        "4": 14,
        "5": 27
    }
}