{
    "summary": {
        "average": 3.8285714285714287,
        "count": 35,
        "sortable": 3.4147709957773524
    },
    "counts": {
        "1": 1,
        "2": 4,
        "3": 8,
        "4": 9,
        "5": 13
    }
}