{
    "summary": {
        "average": 3.2857142857142856,
        "count": 7,
        "sortable": 2.551747972854224
    },
    "counts": {
        "1": 0,
        "2": 3,
        "3": 1,
        "4": 1,
        "5": 2
    }
}