{
    "summary": {
        "average": 3.9537037037037037,
        "count": 108,
        "sortable": 3.729282267916514
    },
    "counts": {
        "1": 5,
        "2": 6,
        "3": 26,
        "4": 23,
        "5": 48
    }
}