{
    "summary": {
        "average": 4.0285714285714285,
        "count": 70,
        "sortable": 3.721712690003721
    },
    "counts": {
        "1": 5,
        "2": 4,
        "3": 9,
        "4": 18,
        "5": 34
    }
}