{
    "summary": {
        "average": 3.6666666666666665,
        "count": 3,
        "sortable": 2.5905731655445012
    },
    "counts": {
        "1": 0,
        "2": 0,
        "3": 1,
        "4": 2,
        "5": 0
    }
}