{
    "summary": {
        "average": 3.1666666666666665,
        "count": 6,
        "sortable": 2.5363822655886197
    },
    "counts": {
        "1": 0,
        "2": 1,
        "3": 4,
        "4": 0,
        "5": 1
    }
}