{
    "summary": {
        "average": 3.5714285714285716,
        "count": 7,
        "sortable": 2.8274069172790437
    },
    "counts": {
        "1": 0,
        "2": 0,
        "3": 4,
        "4": 2,
        "5": 1
    }
}