{
    "summary": {
        "average": 4.279379157427938,
        "count": 451,
        "sortable": 4.1869168833475685
    },
    "counts": {
        "1": 15,
        "2": 18,
        "3": 37,
        "4": 137,
        "5": 244
    }
}