{
    "summary": {
        "average": 3.9523809523809526,
        "count": 21,
        "sortable": 3.447952196797847
    },
    "counts": {
        "1": 0,
        "2": 1,
        "3": 4,
        "4": 11,
        "5": 5
    }
}