{
    "summary": {
        "average": 3.849056603773585,
        "count": 53,
        "sortable": 3.5266144001072384
    },
    "counts": {
        "1": 3,
        "2": 3,
        "3": 10,
        "4": 20,
        "5": 17
    }
}