{
    "summary": {
        "average": 3.7333333333333334,
        "count": 15,
        "sortable": 3.0347876651321317
    },
    "counts": {
        "1": 2,
        "2": 1,
        "3": 2,
        "4": 4,
        "5": 6
    }
}