{
    "summary": {
        "average": 3.8823529411764706,
        "count": 17,
        "sortable": 3.2618997114705075
    },
    "counts": {
        "1": 1,
        "2": 0,
        "3": 5,
        "4": 5,
        "5": 6
    }
}