{
    "summary": {
        "average": 3.7674418604651163,
        "count": 43,
        "sortable": 3.4189328606203064
    },
    "counts": {
        "1": 1,
        "2": 3,
        "3": 16,
        "4": 8,
        "5": 15
    }
}