{
    "summary": {
        "average": 4.222222222222222,
        "count": 9,
        "sortable": 3.2978749218884875
    },
    "counts": {
        "1": 0,
        "2": 0,
        "3": 1,
        "4": 5,
        "5": 3
    }
}