{
    "summary": {
        "average": 4.076923076923077,
        "count": 13,
        "sortable": 3.3488528330763363
    },
    "counts": {
        "1": 0,
        "2": 1,
        "3": 1,
        "4": 7,
        "5": 4
    }
}