{
    "summary": {
        "average": 3.98989898989899,
        "count": 99,
        "sortable": 3.7739764635407425
    },
    "counts": {
        "1": 2,
        "2": 7,
        "3": 17,
        "4": 37,
        "5": 36
    }
}