{
    "summary": {
        "average": 3.9420289855072466,
        "count": 207,
        "sortable": 3.8006191406952285
    },
    "counts": {
        "1": 7,
        "2": 12,
        "3": 39,
        "4": 77,
        "5": 72
    }
}