{
    "summary": {
        "average": 4.588235294117647,
        "count": 17,
        "sortable": 3.752673353887773
    },
    "counts": {
        "1": 1,
        "2": 1,
        "3": 0,
        "4": 0,
        "5": 15
    }
}