{
    "summary": {
        "average": 4.615384615384615,
        "count": 13,
        "sortable": 3.690352694585224
    },
    "counts": {
        "1": 0,
        "2": 1,
        "3": 0,
        "4": 2,
        "5": 10
    }
}