{
    "summary": {
        "average": 3.823529411764706,
        "count": 17,
        "sortable": 3.201847413621508
    },
    "counts": {
        "1": 1,
        "2": 1,
        "3": 4,
        "4": 5,
        "5": 6
    }
}