{
    "summary": {
        "average": 4.333333333333333,
        "count": 6,
        "sortable": 3.0508852643492936
    },
    "counts": {
        "1": 0,
        "2": 1,
        "3": 0,
        "4": 1,
        "5": 4
    }
}