{
    "summary": {
        "average": 4.428571428571429,
        "count": 7,
        "sortable": 3.1906601301002704
    },
    "counts": {
        "1": 0,
        "2": 1,
        "3": 0,
        "4": 1,
        "5": 5
    }
}