{
    "summary": {
        "average": 3.8333333333333335,
        "count": 6,
        "sortable": 2.6848052386284222
    },
    "counts": {
        "1": 1,
        "2": 1,
        "3": 0,
        "4": 0,
        "5": 4
    }
}