{
    "summary": {
        "average": 4.388888888888889,
        "count": 18,
        "sortable": 3.7300588540813204
    },
    "counts": {
        "1": 0,
        "2": 0,
        "3": 2,
        "4": 7,
        "5": 9
    }
}