{
    "summary": {
        "average": 4.529411764705882,
        "count": 17,
        "sortable": 3.7987527429767445
    },
    "counts": {
        "1": 0,
        "2": 0,
        "3": 2,
        "4": 4,
        "5": 11
    }
}