{
    "summary": {
        "average": 4.454545454545454,
        "count": 22,
        "sortable": 3.8453251403311546
    },
    "counts": {
        "1": 0,
        "2": 0,
        "3": 4,
        "4": 4,
        "5": 14
    }
}