{
    "summary": {
        "average": 4.521739130434782,
        "count": 23,
        "sortable": 3.8872346817729477
    },
    "counts": {
        "1": 1,
        "2": 0,
        "3": 1,
        "4": 5,
        "5": 16
    }
}