{
    "summary": {
        "average": 4.571428571428571,
        "count": 7,
        "sortable": 3.3124845271654166
    },
    "counts": {
        "1": 0,
        "2": 0,
        "3": 1,
        "4": 1,
        "5": 5
    }
}