{
    "summary": {
        "average": 4.318181818181818,
        "count": 22,
        "sortable": 3.757372600075047
    },
    "counts": {
        "1": 0,
        "2": 0,
        "3": 3,
        "4": 9,
        "5": 10
    }
}