{
    "summary": {
        "average": 3.6470588235294117,
        "count": 17,
        "sortable": 3.0274663573053653
    },
    "counts": {
        "1": 1,
        "2": 4,
        "3": 1,
        "4": 5,
        "5": 6
    }
}