{
    "summary": {
        "average": 3.7142857142857144,
        "count": 7,
        "sortable": 2.873317455399534
    },
    "counts": {
        "1": 0,
        "2": 1,
        "3": 1,
        "4": 4,
        "5": 1
    }
}