{
    "summary": {
        "average": 4.111111111111111,
        "count": 9,
        "sortable": 3.1942876766128077
    },
    "counts": {
        "1": 0,
        "2": 0,
        "3": 3,
        "4": 2,
        "5": 4
    }
}