{
    "summary": {
        "average": 4.15625,
        "count": 32,
        "sortable": 3.7216948265679695
    },
    "counts": {
        "1": 0,
        "2": 2,
        "3": 4,
        "4": 13,
        "5": 13
    }
}