{
    "summary": {
        "average": 4.388888888888889,
        "count": 18,
        "sortable": 3.67850521874364
    },
    "counts": {
        "1": 0,
        "2": 2,
        "3": 0,
        "4": 5,
        "5": 11
    }
}