{
    "summary": {
        "average": 3.4285714285714284,
        "count": 14,
        "sortable": 2.821475544699995
    },
    "counts": {
        "1": 2,
        "2": 1,
        "3": 3,
        "4": 5,
        "5": 3
    }
}