{
    "summary": {
        "average": 3.6666666666666665,
        "count": 9,
        "sortable": 2.9813350166333286
    },
    "counts": {
        "1": 0,
        "2": 0,
        "3": 4,
        "4": 4,
        "5": 1
    }
}