{
    "summary": {
        "average": 3.857142857142857,
        "count": 14,
        "sortable": 3.230785931522028
    },
    "counts": {
        "1": 0,
        "2": 1,
        "3": 3,
        "4": 7,
        "5": 3
    }
}