{
    "summary": {
        "average": 3.981132075471698,
        "count": 53,
        "sortable": 3.67920078741515
    },
    "counts": {
        "1": 1,
        "2": 2,
        "3": 11,
        "4": 22,
        "5": 17
    }
}