{
    "summary": {
        "average": 3.730769230769231,
        "count": 26,
        "sortable": 3.252399058809069
    },
    "counts": {
        "1": 2,
        "2": 0,
        "3": 10,
        "4": 5,
        "5": 9
    }
}