{
    "summary": {
        "average": 4.333333333333333,
        "count": 9,
        "sortable": 3.3026712388338546
    },
    "counts": {
        "1": 0,
        "2": 0,
        "3": 3,
        "4": 0,
        "5": 6
    }
}