{
    "summary": {
        "average": 4.857142857142857,
        "count": 7,
        "sortable": 3.4791511938320823
    },
    "counts": {
        "1": 0,
        "2": 0,
        "3": 0,
        "4": 1,
        "5": 6
    }
}