{
    "summary": {
        "average": 4.571428571428571,
        "count": 14,
        "sortable": 3.7219508282796134
    },
    "counts": {
        "1": 0,
        "2": 0,
        "3": 2,
        "4": 2,
        "5": 10
    }
}