{
    "summary": {
        "average": 4.21875,
        "count": 32,
        "sortable": 3.77612522315177
    },
    "counts": {
        "1": 0,
        "2": 1,
        "3": 6,
        "4": 10,
        "5": 15
    }
}