{
    "summary": {
        "average": 3.764705882352941,
        "count": 17,
        "sortable": 3.1937383905579817
    },
    "counts": {
        "1": 1,
        "2": 0,
        "3": 5,
        "4": 7,
        "5": 4
    }
}