{
    "summary": {
        "average": 4.045454545454546,
        "count": 66,
        "sortable": 3.796163457500093
    },
    "counts": {
        "1": 0,
        "2": 2,
        "3": 14,
        "4": 29,
        "5": 21
    }
}