{
    "summary": {
        "average": 4.121212121212121,
        "count": 33,
        "sortable": 3.7061091863463975
    },
    "counts": {
        "1": 0,
        "2": 1,
        "3": 7,
        "4": 12,
        "5": 13
    }
}