{
    "summary": {
        "average": 4.357142857142857,
        "count": 14,
        "sortable": 3.6029881348717248
    },
    "counts": {
        "1": 0,
        "2": 0,
        "3": 1,
        "4": 7,
        "5": 6
    }
}