{
    "summary": {
        "average": 4.157894736842105,
        "count": 19,
        "sortable": 3.548741742259526
    },
    "counts": {
        "1": 0,
        "2": 2,
        "3": 0,
        "4": 10,
        "5": 7
    }
}