{
    "summary": {
        "average": 4.203125,
        "count": 64,
        "sortable": 3.933467218557536
    },
    "counts": {
        "1": 0,
        "2": 1,
        "3": 13,
        "4": 22,
        "5": 28
    }
}