{
    "summary": {
        "average": 4.132075471698113,
        "count": 53,
        "sortable": 3.8235372088925197
    },
    "counts": {
        "1": 1,
        "2": 0,
        "3": 11,
        "4": 20,
        "5": 21
    }
}