{
    "summary": {
        "average": 3.923076923076923,
        "count": 13,
        "sortable": 3.267654729106161
    },
    "counts": {
        "1": 0,
        "2": 0,
        "3": 4,
        "4": 6,
        "5": 3
    }
}