{
    "summary": {
        "average": 4.276595744680851,
        "count": 47,
        "sortable": 3.9581474588220984
    },
    "counts": {
        "1": 0,
        "2": 0,
        "3": 6,
        "4": 22,
        "5": 19
    }
}