{
    "summary": {
        "average": 4.027777777777778,
        "count": 36,
        "sortable": 3.633906901270352
    },
    "counts": {
        "1": 1,
        "2": 0,
        "3": 9,
        "4": 13,
        "5": 13
    }
}