{
    "summary": {
        "average": 3.4444444444444446,
        "count": 9,
        "sortable": 2.674067128524816
    },
    "counts": {
        "1": 2,
        "2": 0,
        "3": 1,
        "4": 4,
        "5": 2
    }
}