{
    "summary": {
        "average": 4.142857142857143,
        "count": 28,
        "sortable": 3.64679651153323
    },
    "counts": {
        "1": 0,
        "2": 3,
        "3": 3,
        "4": 9,
        "5": 13
    }
}