{
    "summary": {
        "average": 4.482758620689655,
        "count": 29,
        "sortable": 4.000040969557063
    },
    "counts": {
        "1": 0,
        "2": 0,
        "3": 2,
        "4": 11,
        "5": 16
    }
}