{
    "summary": {
        "average": 4.068965517241379,
        "count": 87,
        "sortable": 3.8605745819280237
    },
    "counts": {
        "1": 0,
        "2": 1,
        "3": 22,
        "4": 34,
        "5": 30
    }
}