{
    "summary": {
        "average": 4.555555555555555,
        "count": 18,
        "sortable": 3.859893303771768
    },
    "counts": {
        "1": 0,
        "2": 0,
        "3": 1,
        "4": 6,
        "5": 11
    }
}