{
    "summary": {
        "average": 3.6333333333333333,
        "count": 30,
        "sortable": 3.285363334728695
    },
    "counts": {
        "1": 1,
        "2": 0,
        "3": 11,
        "4": 15,
        "5": 3
    }
}