{
    "summary": {
        "average": 4.02834008097166,
        "count": 247,
        "sortable": 3.8829236918726227
    },
    "counts": {
        "1": 17,
        "2": 9,
        "3": 43,
        "4": 59,
        "5": 119
    }
}