{
    "summary": {
        "average": 3.8541666666666665,
        "count": 48,
        "sortable": 3.548449633901883
    },
    "counts": {
        "1": 0,
        "2": 3,
        "3": 15,
        "4": 16,
        "5": 14
    }
}