{
    "summary": {
        "average": 4.226890756302521,
        "count": 119,
        "sortable": 4.0573364620327785
    },
    "counts": {
        "1": 0,
        "2": 1,
        "3": 19,
        "4": 51,
        "5": 48
    }
}