{
    "summary": {
        "average": 4.4743589743589745,
        "count": 78,
        "sortable": 4.204795182329104
    },
    "counts": {
        "1": 2,
        "2": 1,
        "3": 7,
        "4": 16,
        "5": 52
    }
}