{
    "summary": {
        "average": 4.309523809523809,
        "count": 42,
        "sortable": 3.943375540718318
    },
    "counts": {
        "1": 0,
        "2": 1,
        "3": 5,
        "4": 16,
        "5": 20
    }
}