{
    "summary": {
        "average": 4.384615384615385,
        "count": 26,
        "sortable": 3.829161716811688
    },
    "counts": {
        "1": 1,
        "2": 0,
        "3": 2,
        "4": 8,
        "5": 15
    }
}