{
    "summary": {
        "average": 4.2631578947368425,
        "count": 38,
        "sortable": 3.887358388734831
    },
    "counts": {
        "1": 0,
        "2": 0,
        "3": 6,
        "4": 16,
        "5": 16
    }
}