{
    "summary": {
        "average": 4.359375,
        "count": 64,
        "sortable": 4.090815325327715
    },
    "counts": {
        "1": 0,
        "2": 1,
        "3": 6,
        "4": 26,
        "5": 31
    }
}