{
    "summary": {
        "average": 4.592592592592593,
        "count": 54,
        "sortable": 4.280827673889245
    },
    "counts": {
        "1": 0,
        "2": 0,
        "3": 3,
        "4": 16,
        "5": 35
    }
}