{
    "summary": {
        "average": 4.176923076923077,
        "count": 130,
        "sortable": 3.9630265167794865
    },
    "counts": {
        "1": 8,
        "2": 4,
        "3": 20,
        "4": 23,
        "5": 75
    }
}