{
    "summary": {
        "average": 3.9925925925925925,
        "count": 135,
        "sortable": 3.824409926679641
    },
    "counts": {
        "1": 2,
        "2": 6,
        "3": 27,
        "4": 56,
        "5": 44
    }
}