{
    "summary": {
        "average": 3.5714285714285716,
        "count": 7,
        "sortable": 2.7043842709467816
    },
    "counts": {
        "1": 0,
        "2": 2,
        "3": 2,
        "4": 0,
        "5": 3
    }
}