{
    "summary": {
        "average": 4.321428571428571,
        "count": 28,
        "sortable": 3.819501313045251
    },
    "counts": {
        "1": 0,
        "2": 2,
        "3": 1,
        "4": 11,
        "5": 14
    }
}