{
    "summary": {
        "average": 3.937007874015748,
        "count": 127,
        "sortable": 3.7412060340018467
    },
    "counts": {
        "1": 6,
        "2": 5,
        "3": 29,
        "4": 38,
        "5": 49
    }
}