{
    "summary": {
        "average": 4.41747572815534,
        "count": 103,
        "sortable": 4.218727599795941
    },
    "counts": {
        "1": 0,
        "2": 2,
        "3": 10,
        "4": 34,
        "5": 57
    }
}