{
    "summary": {
        "average": 3.9838709677419355,
        "count": 62,
        "sortable": 3.731709521725619
    },
    "counts": {
        "1": 0,
        "2": 2,
        "3": 14,
        "4": 29,
        "5": 17
    }
}