{
    "summary": {
        "average": 3.9130434782608696,
        "count": 23,
        "sortable": 3.4062161346730866
    },
    "counts": {
        "1": 1,
        "2": 0,
        "3": 6,
        "4": 9,
        "5": 7
    }
}