{
    "summary": {
        "average": 3.6486486486486487,
        "count": 37,
        "sortable": 3.241324174083347
    },
    "counts": {
        "1": 4,
        "2": 1,
        "3": 12,
        "4": 7,
        "5": 13
    }
}