{
    "summary": {
        "average": 3.8846153846153846,
        "count": 26,
        "sortable": 3.2341936508587223
    },
    "counts": {
        "1": 7,
        "2": 0,
        "3": 0,
        "4": 1,
        "5": 18
    }
}