{
    "summary": {
        "average": 4.216216216216216,
        "count": 37,
        "sortable": 3.7893414412239963
    },
    "counts": {
        "1": 1,
        "2": 1,
        "3": 6,
        "4": 10,
        "5": 19
    }
}