{
    "summary": {
        "average": 4.476190476190476,
        "count": 21,
        "sortable": 3.818456724205315
    },
    "counts": {
        "1": 0,
        "2": 2,
        "3": 0,
        "4": 5,
        "5": 14
    }
}