{
    "summary": {
        "average": 4.21978021978022,
        "count": 91,
        "sortable": 4.008510866925218
    },
    "counts": {
        "1": 0,
        "2": 3,
        "3": 12,
        "4": 38,
        "5": 38
    }
}