{
    "summary": {
        "average": 4.012886597938144,
        "count": 388,
        "sortable": 3.9049348981970176
    },
    "counts": {
        "1": 20,
        "2": 21,
        "3": 64,
        "4": 112,
        "5": 171
    }
}