{
    "summary": {
        "average": 4.407643312101911,
        "count": 157,
        "sortable": 4.245996281720137
    },
    "counts": {
        "1": 1,
        "2": 4,
        "3": 21,
        "4": 35,
        "5": 96
    }
}