{
    "summary": {
        "average": 4.295857988165681,
        "count": 338,
        "sortable": 4.1812965100382975
    },
    "counts": {
        "1": 12,
        "2": 13,
        "3": 43,
        "4": 65,
        "5": 205
    }
}