{
    "summary": {
        "average": 4.463235294117647,
        "count": 136,
        "sortable": 4.275288907673175
    },
    "counts": {
        "1": 2,
        "2": 5,
        "3": 14,
        "4": 22,
        "5": 93
    }
}