{
    "summary": {
        "average": 4.392857142857143,
        "count": 112,
        "sortable": 4.174458541505027
    },
    "counts": {
        "1": 4,
        "2": 3,
        "3": 8,
        "4": 27,
        "5": 70
    }
}