{
    "summary": {
        "average": 3.6666666666666665,
        "count": 6,
        "sortable": 2.6817272787870703
    },
    "counts": {
        "1": 1,
        "2": 0,
        "3": 1,
        "4": 2,
        "5": 2
    }
}