{
    "summary": {
        "average": 4.230769230769231,
        "count": 13,
        "sortable": 3.402014383881971
    },
    "counts": {
        "1": 1,
        "2": 0,
        "3": 0,
        "4": 6,
        "5": 6
    }
}