{
    "summary": {
        "average": 3.3333333333333335,
        "count": 6,
        "sortable": 2.691920233261546
    },
    "counts": {
        "1": 0,
        "2": 0,
        "3": 4,
        "4": 2,
        "5": 0
    }
}