{
    "summary": {
        "average": 3.7142857142857144,
        "count": 14,
        "sortable": 3.1599285459889175
    },
    "counts": {
        "1": 0,
        "2": 0,
        "3": 6,
        "4": 6,
        "5": 2
    }
}