{
    "summary": {
        "average": 3.9047619047619047,
        "count": 21,
        "sortable": 3.4313594728189956
    },
    "counts": {
        "1": 0,
        "2": 0,
        "3": 6,
        "4": 11,
        "5": 4
    }
}