{
    "summary": {
        "average": 3.6153846153846154,
        "count": 13,
        "sortable": 3.0410234013496447
    },
    "counts": {
        "1": 0,
        "2": 1,
        "3": 5,
        "4": 5,
        "5": 2
    }
}