{
    "summary": {
        "average": 3.9210526315789473,
        "count": 38,
        "sortable": 3.514034624276214
    },
    "counts": {
        "1": 3,
        "2": 1,
        "3": 5,
        "4": 16,
        "5": 13
    }
}