{
    "summary": {
        "average": 4.235294117647059,
        "count": 34,
        "sortable": 3.8168081728641017
    },
    "counts": {
        "1": 1,
        "2": 0,
        "3": 2,
        "4": 18,
        "5": 13
    }
}