{
    "summary": {
        "average": 4.166666666666667,
        "count": 12,
        "sortable": 3.3967648072323473
    },
    "counts": {
        "1": 0,
        "2": 0,
        "3": 2,
        "4": 6,
        "5": 4
    }
}