{
    "summary": {
        "average": 4.235294117647059,
        "count": 17,
        "sortable": 3.5737211198279324
    },
    "counts": {
        "1": 0,
        "2": 1,
        "3": 1,
        "4": 8,
        "5": 7
    }
}