{
    "summary": {
        "average": 3.8461538461538463,
        "count": 13,
        "sortable": 3.171493221474112
    },
    "counts": {
        "1": 0,
        "2": 1,
        "3": 4,
        "4": 4,
        "5": 4
    }
}