{
    "summary": {
        "average": 4.142857142857143,
        "count": 7,
        "sortable": 3.1273472950366603
    },
    "counts": {
        "1": 0,
        "2": 0,
        "3": 1,
        "4": 4,
        "5": 2
    }
}