{
    "summary": {
        "average": 4.571428571428571,
        "count": 7,
        "sortable": 3.2572398322111673
    },
    "counts": {
        "1": 0,
        "2": 1,
        "3": 0,
        "4": 0,
        "5": 6
    }
}