{
    "summary": {
        "average": 3.4166666666666665,
        "count": 12,
        "sortable": 2.9224106522828333
    },
    "counts": {
        "1": 0,
        "2": 1,
        "3": 5,
        "4": 6,
        "5": 0
    }
}