{
    "summary": {
        "average": 4.615384615384615,
        "count": 13,
        "sortable": 3.7434505964315417
    },
    "counts": {
        "1": 0,
        "2": 0,
        "3": 0,
        "4": 5,
        "5": 8
    }
}