{
    "summary": {
        "average": 4.416666666666667,
        "count": 12,
        "sortable": 3.5190389522926364
    },
    "counts": {
        "1": 0,
        "2": 1,
        "3": 0,
        "4": 4,
        "5": 7
    }
}