{
    "summary": {
        "average": 4.2727272727272725,
        "count": 22,
        "sortable": 3.6924997991523036
    },
    "counts": {
        "1": 0,
        "2": 1,
        "3": 3,
        "4": 7,
        "5": 11
    }
}