{
    "summary": {
        "average": 4.304347826086956,
        "count": 46,
        "sortable": 3.9653644289525993
    },
    "counts": {
        "1": 0,
        "2": 0,
        "3": 8,
        "4": 16,
        "5": 22
    }
}