{
    "summary": {
        "average": 3.6082474226804124,
        "count": 97,
        "sortable": 3.404402420866304
    },
    "counts": {
        "1": 3,
        "2": 12,
        "3": 25,
        "4": 37,
        "5": 20
    }
}