{
    "summary": {
        "average": 4.285714285714286,
        "count": 7,
        "sortable": 3.099454740532694
    },
    "counts": {
        "1": 0,
        "2": 1,
        "3": 1,
        "4": 0,
        "5": 5
    }
}