{
    "summary": {
        "average": 3.588235294117647,
        "count": 17,
        "sortable": 2.949247436583261
    },
    "counts": {
        "1": 3,
        "2": 1,
        "3": 2,
        "4": 5,
        "5": 6
    }
}