{
    "summary": {
        "average": 3.933333333333333,
        "count": 15,
        "sortable": 3.2878930443960663
    },
    "counts": {
        "1": 0,
        "2": 1,
        "3": 4,
        "4": 5,
        "5": 5
    }
}