{
    "summary": {
        "average": 4.166666666666667,
        "count": 6,
        "sortable": 3.0521975640862395
    },
    "counts": {
        "1": 0,
        "2": 0,
        "3": 1,
        "4": 3,
        "5": 2
    }
}