{
    "summary": {
        "average": 3.5454545454545454,
        "count": 11,
        "sortable": 2.953498940235789
    },
    "counts": {
        "1": 0,
        "2": 1,
        "3": 4,
        "4": 5,
        "5": 1
    }
}