{
    "summary": {
        "average": 4.666666666666667,
        "count": 3,
        "sortable": 2.8502268477160557
    },
    "counts": {
        "1": 0,
        "2": 0,
        "3": 0,
        "4": 1,
        "5": 2
    }
}