{
    "summary": {
        "average": 4.157894736842105,
        "count": 19,
        "sortable": 3.536609105236823
    },
    "counts": {
        "1": 0,
        "2": 1,
        "3": 4,
        "4": 5,
        "5": 9
    }
}