{
    "summary": {
        "average": 3.857142857142857,
        "count": 14,
        "sortable": 3.268292356899677
    },
    "counts": {
        "1": 0,
        "2": 1,
        "3": 1,
        "4": 11,
        "5": 1
    }
}