{
    "summary": {
        "average": 3.7818181818181817,
        "count": 55,
        "sortable": 3.4947868901075996
    },
    "counts": {
        "1": 1,
        "2": 2,
        "3": 22,
        "4": 13,
        "5": 17
    }
}