{
    "summary": {
        "average": 4.426356589147287,
        "count": 129,
        "sortable": 4.247222048849278
    },
    "counts": {
        "1": 1,
        "2": 4,
        "3": 9,
        "4": 40,
        "5": 75
    }
}