{
    "summary": {
        "average": 4.421052631578948,
        "count": 19,
        "sortable": 3.777421321856475
    },
    "counts": {
        "1": 0,
        "2": 0,
        "3": 2,
        "4": 7,
        "5": 10
    }
}