{
    "summary": {
        "average": 4.571428571428571,
        "count": 112,
        "sortable": 4.387416917164483
    },
    "counts": {
        "1": 0,
        "2": 0,
        "3": 10,
        "4": 28,
        "5": 74
    }
}