{
    "summary": {
        "average": 3.5714285714285716,
        "count": 7,
        "sortable": 2.732772697824248
    },
    "counts": {
        "1": 0,
        "2": 2,
        "3": 1,
        "4": 2,
        "5": 2
    }
}