{
    "summary": {
        "average": 4.391304347826087,
        "count": 23,
        "sortable": 3.7701601329087273
    },
    "counts": {
        "1": 1,
        "2": 0,
        "3": 3,
        "4": 4,
        "5": 15
    }
}