{
    "summary": {
        "average": 4.363636363636363,
        "count": 22,
        "sortable": 3.719127956306221
    },
    "counts": {
        "1": 1,
        "2": 1,
        "3": 1,
        "4": 5,
        "5": 14
    }
}