{
    "summary": {
        "average": 4.777777777777778,
        "count": 9,
        "sortable": 3.6122817909214993
    },
    "counts": {
        "1": 0,
        "2": 0,
        "3": 0,
        "4": 2,
        "5": 7
    }
}