{
    "summary": {
        "average": 4.714285714285714,
        "count": 7,
        "sortable": 3.380369216635981
    },
    "counts": {
        "1": 0,
        "2": 0,
        "3": 1,
        "4": 0,
        "5": 6
    }
}