{
    "summary": {
        "average": 4.409090909090909,
        "count": 22,
        "sortable": 3.7263360039312956
    },
    "counts": {
        "1": 2,
        "2": 0,
        "3": 1,
        "4": 3,
        "5": 16
    }
}