{
    "summary": {
        "average": 3.8461538461538463,
        "count": 13,
        "sortable": 3.0309789170612556
    },
    "counts": {
        "1": 2,
        "2": 1,
        "3": 1,
        "4": 2,
        "5": 7
    }
}