{
    "summary": {
        "average": 4.333333333333333,
        "count": 9,
        "sortable": 3.3265675052072137
    },
    "counts": {
        "1": 0,
        "2": 0,
        "3": 2,
        "4": 2,
        "5": 5
    }
}