{
    "summary": {
        "average": 3.5714285714285716,
        "count": 7,
        "sortable": 2.732772697824248
    },
    "counts": {
        "1": 1,
        "2": 0,
        "3": 1,
        "4": 4,
        "5": 1
    }
}