{
    "summary": {
        "average": 4.140562248995984,
        "count": 249,
        "sortable": 4.026317719711629
    },
    "counts": {
        "1": 1,
        "2": 10,
        "3": 41,
        "4": 98,
        "5": 99
    }
}