{
    "summary": {
        "average": 4.466666666666667,
        "count": 15,
        "sortable": 3.5920735430061885
    },
    "counts": {
        "1": 1,
        "2": 1,
        "3": 0,
        "4": 1,
        "5": 12
    }
}