{
    "summary": {
        "average": 4.333333333333333,
        "count": 21,
        "sortable": 3.683818055096335
    },
    "counts": {
        "1": 1,
        "2": 0,
        "3": 3,
        "4": 4,
        "5": 13
    }
}