{
    "summary": {
        "average": 4.333333333333333,
        "count": 18,
        "sortable": 3.692640416821015
    },
    "counts": {
        "1": 0,
        "2": 0,
        "3": 2,
        "4": 8,
        "5": 8
    }
}