{
    "summary": {
        "average": 4.166666666666667,
        "count": 12,
        "sortable": 3.3764028689060654
    },
    "counts": {
        "1": 0,
        "2": 0,
        "3": 3,
        "4": 4,
        "5": 5
    }
}