{
    "summary": {
        "average": 3.5555555555555554,
        "count": 9,
        "sortable": 2.8327116784125215
    },
    "counts": {
        "1": 0,
        "2": 2,
        "3": 2,
        "4": 3,
        "5": 2
    }
}