{
    "summary": {
        "average": 4.333333333333333,
        "count": 15,
        "sortable": 3.6055745589196504
    },
    "counts": {
        "1": 0,
        "2": 0,
        "3": 2,
        "4": 6,
        "5": 7
    }
}