{
    "summary": {
        "average": 4.166666666666667,
        "count": 6,
        "sortable": 2.954454551514344
    },
    "counts": {
        "1": 0,
        "2": 1,
        "3": 1,
        "4": 0,
        "5": 4
    }
}