{
    "summary": {
        "average": 4.444444444444445,
        "count": 27,
        "sortable": 3.9339160640061475
    },
    "counts": {
        "1": 0,
        "2": 0,
        "3": 3,
        "4": 9,
        "5": 15
    }
}