{
    "summary": {
        "average": 4.181818181818182,
        "count": 11,
        "sortable": 3.3602137580368847
    },
    "counts": {
        "1": 0,
        "2": 0,
        "3": 2,
        "4": 5,
        "5": 4
    }
}