{
    "summary": {
        "average": 4.393939393939394,
        "count": 33,
        "sortable": 3.9594493684273204
    },
    "counts": {
        "1": 0,
        "2": 0,
        "3": 4,
        "4": 12,
        "5": 17
    }
}