{
    "summary": {
        "average": 4.076923076923077,
        "count": 13,
        "sortable": 3.2490974169011815
    },
    "counts": {
        "1": 1,
        "2": 1,
        "3": 1,
        "4": 3,
        "5": 7
    }
}