{
    "summary": {
        "average": 3.8333333333333335,
        "count": 18,
        "sortable": 3.272566116238558
    },
    "counts": {
        "1": 0,
        "2": 2,
        "3": 4,
        "4": 7,
        "5": 5
    }
}