{
    "summary": {
        "average": 4.090909090909091,
        "count": 11,
        "sortable": 3.2112360961259125
    },
    "counts": {
        "1": 1,
        "2": 0,
        "3": 1,
        "4": 4,
        "5": 5
    }
}