{
    "summary": {
        "average": 4.083333333333333,
        "count": 12,
        "sortable": 3.239032809111791
    },
    "counts": {
        "1": 1,
        "2": 0,
        "3": 2,
        "4": 3,
        "5": 6
    }
}