{
    "summary": {
        "average": 4.333333333333333,
        "count": 21,
        "sortable": 3.7040709109476273
    },
    "counts": {
        "1": 1,
        "2": 0,
        "3": 1,
        "4": 8,
        "5": 11
    }
}