{
    "summary": {
        "average": 4.352941176470588,
        "count": 17,
        "sortable": 3.6790308776220413
    },
    "counts": {
        "1": 0,
        "2": 0,
        "3": 2,
        "4": 7,
        "5": 8
    }
}