{
    "summary": {
        "average": 4.533333333333333,
        "count": 15,
        "sortable": 3.7510807009646485
    },
    "counts": {
        "1": 0,
        "2": 0,
        "3": 1,
        "4": 5,
        "5": 9
    }
}