{
    "summary": {
        "average": 4.388888888888889,
        "count": 18,
        "sortable": 3.67850521874364
    },
    "counts": {
        "1": 0,
        "2": 1,
        "3": 3,
        "4": 2,
        "5": 12
    }
}