{
    "summary": {
        "average": 3.8920863309352516,
        "count": 139,
        "sortable": 3.7065473169188885
    },
    "counts": {
        "1": 5,
        "2": 12,
        "3": 27,
        "4": 44,
        "5": 51
    }
}