{
    "summary": {
        "average": 3.857142857142857,
        "count": 7,
        "sortable": 2.988356719819515
    },
    "counts": {
        "1": 0,
        "2": 0,
        "3": 2,
        "4": 4,
        "5": 1
    }
}