{
    "summary": {
        "average": 4.064516129032258,
        "count": 62,
        "sortable": 3.7678222168138626
    },
    "counts": {
        "1": 2,
        "2": 2,
        "3": 12,
        "4": 20,
        "5": 26
    }
}