{
    "summary": {
        "average": 3.888888888888889,
        "count": 18,
        "sortable": 3.331615846034736
    },
    "counts": {
        "1": 0,
        "2": 1,
        "3": 5,
        "4": 7,
        "5": 5
    }
}