{
    "summary": {
        "average": 4.111111111111111,
        "count": 9,
        "sortable": 3.169926889049781
    },
    "counts": {
        "1": 0,
        "2": 0,
        "3": 4,
        "4": 0,
        "5": 5
    }
}