{
    "summary": {
        "average": 4.357142857142857,
        "count": 14,
        "sortable": 3.5853346307912215
    },
    "counts": {
        "1": 0,
        "2": 0,
        "3": 2,
        "4": 5,
        "5": 7
    }
}