{
    "summary": {
        "average": 4.333333333333333,
        "count": 3,
        "sortable": 2.722182540694798
    },
    "counts": {
        "1": 0,
        "2": 0,
        "3": 1,
        "4": 0,
        "5": 2
    }
}