{
    "summary": {
        "average": 3.142857142857143,
        "count": 7,
        "sortable": 2.450925313265471
    },
    "counts": {
        "1": 1,
        "2": 1,
        "3": 3,
        "4": 0,
        "5": 2
    }
}