{
    "summary": {
        "average": 3.6666666666666665,
        "count": 9,
        "sortable": 2.810898045493232
    },
    "counts": {
        "1": 1,
        "2": 1,
        "3": 2,
        "4": 1,
        "5": 4
    }
}