{
    "summary": {
        "average": 4.0588235294117645,
        "count": 34,
        "sortable": 3.6435578411526945
    },
    "counts": {
        "1": 1,
        "2": 1,
        "3": 5,
        "4": 15,
        "5": 12
    }
}