{
    "summary": {
        "average": 3.727272727272727,
        "count": 11,
        "sortable": 3.0307429213295203
    },
    "counts": {
        "1": 0,
        "2": 1,
        "3": 4,
        "4": 3,
        "5": 3
    }
}