{
    "summary": {
        "average": 3.955357142857143,
        "count": 112,
        "sortable": 3.7625408148052752
    },
    "counts": {
        "1": 1,
        "2": 7,
        "3": 27,
        "4": 38,
        "5": 39
    }
}