{
    "summary": {
        "average": 3.7733333333333334,
        "count": 75,
        "sortable": 3.54636756002587
    },
    "counts": {
        "1": 0,
        "2": 6,
        "3": 24,
        "4": 26,
        "5": 19
    }
}