{
    "summary": {
        "average": 3.8333333333333335,
        "count": 42,
        "sortable": 3.5118114508899403
    },
    "counts": {
        "1": 1,
        "2": 1,
        "3": 11,
        "4": 20,
        "5": 9
    }
}