{
    "summary": {
        "average": 4.114754098360656,
        "count": 61,
        "sortable": 3.844722054695446
    },
    "counts": {
        "1": 0,
        "2": 1,
        "3": 14,
        "4": 23,
        "5": 23
    }
}