{
    "summary": {
        "average": 4.361111111111111,
        "count": 36,
        "sortable": 3.96178001853107
    },
    "counts": {
        "1": 0,
        "2": 0,
        "3": 4,
        "4": 15,
        "5": 17
    }
}