{
    "summary": {
        "average": 3.890909090909091,
        "count": 55,
        "sortable": 3.60368168489796
    },
    "counts": {
        "1": 1,
        "2": 2,
        "3": 15,
        "4": 21,
        "5": 16
    }
}