{
    "summary": {
        "average": 4.111111111111111,
        "count": 27,
        "sortable": 3.6792191753633268
    },
    "counts": {
        "1": 0,
        "2": 0,
        "3": 4,
        "4": 16,
        "5": 7
    }
}