{
    "summary": {
        "average": 3.857142857142857,
        "count": 7,
        "sortable": 2.8394713655540156
    },
    "counts": {
        "1": 1,
        "2": 0,
        "3": 1,
        "4": 2,
        "5": 3
    }
}