{
    "summary": {
        "average": 4.4526315789473685,
        "count": 95,
        "sortable": 4.241114014991854
    },
    "counts": {
        "1": 1,
        "2": 0,
        "3": 8,
        "4": 32,
        "5": 54
    }
}