{
    "summary": {
        "average": 3.5789473684210527,
        "count": 19,
        "sortable": 3.1021579025411463
    },
    "counts": {
        "1": 0,
        "2": 3,
        "3": 5,
        "4": 8,
        "5": 3
    }
}