{
    "summary": {
        "average": 3.6666666666666665,
        "count": 3,
        "sortable": 2.348352202908475
    },
    "counts": {
        "1": 1,
        "2": 0,
        "3": 0,
        "4": 0,
        "5": 2
    }
}