{
    "summary": {
        "average": 3.888888888888889,
        "count": 9,
        "sortable": 3.0960876626148686
    },
    "counts": {
        "1": 0,
        "2": 0,
        "3": 3,
        "4": 4,
        "5": 2
    }
}