{
    "summary": {
        "average": 4.223214285714286,
        "count": 112,
        "sortable": 4.012948348734588
    },
    "counts": {
        "1": 5,
        "2": 1,
        "3": 12,
        "4": 40,
        "5": 54
    }
}