{
    "summary": {
        "average": 4.2407407407407405,
        "count": 54,
        "sortable": 3.9087400362399256
    },
    "counts": {
        "1": 0,
        "2": 4,
        "3": 8,
        "4": 13,
        "5": 29
    }
}