{
    "summary": {
        "average": 4.044692737430168,
        "count": 179,
        "sortable": 3.8815771422409906
    },
    "counts": {
        "1": 9,
        "2": 6,
        "3": 30,
        "4": 57,
        "5": 77
    }
}