{
    "summary": {
        "average": 4.115044247787611,
        "count": 113,
        "sortable": 3.9405921098938905
    },
    "counts": {
        "1": 0,
        "2": 3,
        "3": 19,
        "4": 53,
        "5": 38
    }
}