{
    "summary": {
        "average": 4.177777777777778,
        "count": 45,
        "sortable": 3.8412491344554933
    },
    "counts": {
        "1": 0,
        "2": 1,
        "3": 8,
        "4": 18,
        "5": 18
    }
}