{
    "summary": {
        "average": 3.9705882352941178,
        "count": 68,
        "sortable": 3.705423573844272
    },
    "counts": {
        "1": 2,
        "2": 1,
        "3": 18,
        "4": 23,
        "5": 24
    }
}