{
    "summary": {
        "average": 4.363636363636363,
        "count": 33,
        "sortable": 3.928081989855224
    },
    "counts": {
        "1": 0,
        "2": 1,
        "3": 2,
        "4": 14,
        "5": 16
    }
}