{
    "summary": {
        "average": 4.17948717948718,
        "count": 78,
        "sortable": 3.9316608521339598
    },
    "counts": {
        "1": 1,
        "2": 3,
        "3": 11,
        "4": 29,
        "5": 34
    }
}