{
    "summary": {
        "average": 3.909090909090909,
        "count": 11,
        "sortable": 3.0612697277483307
    },
    "counts": {
        "1": 1,
        "2": 1,
        "3": 1,
        "4": 3,
        "5": 5
    }
}