{
    "summary": {
        "average": 4.333333333333333,
        "count": 21,
        "sortable": 3.693810628771109
    },
    "counts": {
        "1": 1,
        "2": 0,
        "3": 2,
        "4": 6,
        "5": 12
    }
}