{
    "summary": {
        "average": 3.9014084507042255,
        "count": 71,
        "sortable": 3.6564290319345263
    },
    "counts": {
        "1": 0,
        "2": 5,
        "3": 19,
        "4": 25,
        "5": 22
    }
}