{
    "summary": {
        "average": 4.105263157894737,
        "count": 95,
        "sortable": 3.900649301347068
    },
    "counts": {
        "1": 0,
        "2": 3,
        "3": 20,
        "4": 36,
        "5": 36
    }
}