{
    "summary": {
        "average": 3.8636363636363638,
        "count": 66,
        "sortable": 3.5922679476419774
    },
    "counts": {
        "1": 2,
        "2": 4,
        "3": 16,
        "4": 23,
        "5": 21
    }
}