{
    "summary": {
        "average": 4.031578947368421,
        "count": 95,
        "sortable": 3.8191695130127545
    },
    "counts": {
        "1": 1,
        "2": 4,
        "3": 21,
        "4": 34,
        "5": 35
    }
}