{
    "summary": {
        "average": 3.943820224719101,
        "count": 89,
        "sortable": 3.728953489282794
    },
    "counts": {
        "1": 1,
        "2": 5,
        "3": 19,
        "4": 37,
        "5": 27
    }
}