{
    "summary": {
        "average": 3.892857142857143,
        "count": 28,
        "sortable": 3.4090494483316856
    },
    "counts": {
        "1": 1,
        "2": 3,
        "3": 5,
        "4": 8,
        "5": 11
    }
}