{
    "summary": {
        "average": 3.8333333333333335,
        "count": 6,
        "sortable": 2.833055309812651
    },
    "counts": {
        "1": 0,
        "2": 1,
        "3": 1,
        "4": 2,
        "5": 2
    }
}