{
    "summary": {
        "average": 4.333333333333333,
        "count": 6,
        "sortable": 3.1495617268581597
    },
    "counts": {
        "1": 0,
        "2": 0,
        "3": 0,
        "4": 4,
        "5": 2
    }
}