{
    "summary": {
        "average": 3.6363636363636362,
        "count": 11,
        "sortable": 2.9086977888731487
    },
    "counts": {
        "1": 1,
        "2": 0,
        "3": 5,
        "4": 1,
        "5": 4
    }
}