{
    "summary": {
        "average": 4.526315789473684,
        "count": 19,
        "sortable": 3.852157902541146
    },
    "counts": {
        "1": 0,
        "2": 0,
        "3": 2,
        "4": 5,
        "5": 12
    }
}