{
    "summary": {
        "average": 4.076923076923077,
        "count": 39,
        "sortable": 3.658108277389822
    },
    "counts": {
        "1": 1,
        "2": 3,
        "3": 8,
        "4": 7,
        "5": 20
    }
}