{
    "summary": {
        "average": 4.481481481481482,
        "count": 27,
        "sortable": 3.9627718676730987
    },
    "counts": {
        "1": 0,
        "2": 0,
        "3": 3,
        "4": 8,
        "5": 16
    }
}