{
    "summary": {
        "average": 3.953488372093023,
        "count": 43,
        "sortable": 3.604202144311544
    },
    "counts": {
        "1": 1,
        "2": 2,
        "3": 9,
        "4": 17,
        "5": 14
    }
}