{
    "summary": {
        "average": 4.153846153846154,
        "count": 39,
        "sortable": 3.7192577520172017
    },
    "counts": {
        "1": 2,
        "2": 1,
        "3": 8,
        "4": 6,
        "5": 22
    }
}