{
    "summary": {
        "average": 3.911111111111111,
        "count": 180,
        "sortable": 3.7322639612510575
    },
    "counts": {
        "1": 18,
        "2": 8,
        "3": 20,
        "4": 60,
        "5": 74
    }
}