{
    "summary": {
        "average": 3.7111111111111112,
        "count": 45,
        "sortable": 3.387915980393091
    },
    "counts": {
        "1": 2,
        "2": 1,
        "3": 17,
        "4": 13,
        "5": 12
    }
}