{
    "summary": {
        "average": 4.023255813953488,
        "count": 43,
        "sortable": 3.681772259212889
    },
    "counts": {
        "1": 1,
        "2": 1,
        "3": 7,
        "4": 21,
        "5": 13
    }
}