{
    "summary": {
        "average": 3.9696969696969697,
        "count": 33,
        "sortable": 3.5419188731588185
    },
    "counts": {
        "1": 1,
        "2": 3,
        "3": 3,
        "4": 15,
        "5": 11
    }
}