{
    "summary": {
        "average": 3.9473684210526314,
        "count": 19,
        "sortable": 3.403238194144741
    },
    "counts": {
        "1": 0,
        "2": 0,
        "3": 7,
        "4": 6,
        "5": 6
    }
}