{
    "summary": {
        "average": 3.9655172413793105,
        "count": 58,
        "sortable": 3.6806478378987917
    },
    "counts": {
        "1": 0,
        "2": 5,
        "3": 11,
        "4": 23,
        "5": 19
    }
}