{
    "summary": {
        "average": 4.129411764705883,
        "count": 85,
        "sortable": 3.912390618943441
    },
    "counts": {
        "1": 0,
        "2": 5,
        "3": 8,
        "4": 43,
        "5": 29
    }
}