{
    "summary": {
        "average": 3.857142857142857,
        "count": 14,
        "sortable": 3.2132919777893196
    },
    "counts": {
        "1": 0,
        "2": 0,
        "3": 7,
        "4": 2,
        "5": 5
    }
}