{
    "summary": {
        "average": 4.142857142857143,
        "count": 7,
        "sortable": 3.066106031157582
    },
    "counts": {
        "1": 0,
        "2": 0,
        "3": 3,
        "4": 0,
        "5": 4
    }
}