{
    "summary": {
        "average": 3.888888888888889,
        "count": 9,
        "sortable": 2.9751133555111053
    },
    "counts": {
        "1": 0,
        "2": 2,
        "3": 2,
        "4": 0,
        "5": 5
    }
}