{
    "summary": {
        "average": 4.166666666666667,
        "count": 12,
        "sortable": 3.3202357616260456
    },
    "counts": {
        "1": 0,
        "2": 1,
        "3": 3,
        "4": 1,
        "5": 7
    }
}