{
    "summary": {
        "average": 3.782608695652174,
        "count": 23,
        "sortable": 3.2483102840607936
    },
    "counts": {
        "1": 1,
        "2": 3,
        "3": 5,
        "4": 5,
        "5": 9
    }
}