{
    "summary": {
        "average": 4.428571428571429,
        "count": 7,
        "sortable": 3.2184146395208915
    },
    "counts": {
        "1": 0,
        "2": 0,
        "3": 2,
        "4": 0,
        "5": 5
    }
}