{
    "summary": {
        "average": 3.857142857142857,
        "count": 7,
        "sortable": 2.8946155067930923
    },
    "counts": {
        "1": 0,
        "2": 1,
        "3": 2,
        "4": 1,
        "5": 3
    }
}