{
    "summary": {
        "average": 4.0638297872340425,
        "count": 47,
        "sortable": 3.694988596553291
    },
    "counts": {
        "1": 3,
        "2": 1,
        "3": 6,
        "4": 17,
        "5": 20
    }
}