{
    "summary": {
        "average": 4.333333333333333,
        "count": 6,
        "sortable": 3.082098332244531
    },
    "counts": {
        "1": 0,
        "2": 0,
        "3": 2,
        "4": 0,
        "5": 4
    }
}