{
    "summary": {
        "average": 4.045454545454546,
        "count": 66,
        "sortable": 3.7434411931466745
    },
    "counts": {
        "1": 3,
        "2": 5,
        "3": 7,
        "4": 22,
        "5": 29
    }
}