{
    "summary": {
        "average": 3.6206896551724137,
        "count": 29,
        "sortable": 3.176398116684209
    },
    "counts": {
        "1": 2,
        "2": 3,
        "3": 8,
        "4": 7,
        "5": 9
    }
}