{
    "summary": {
        "average": 3.8260869565217392,
        "count": 23,
        "sortable": 3.3504710286189447
    },
    "counts": {
        "1": 1,
        "2": 0,
        "3": 6,
        "4": 11,
        "5": 5
    }
}