{
    "summary": {
        "average": 4.1688311688311686,
        "count": 77,
        "sortable": 3.9065396543943938
    },
    "counts": {
        "1": 2,
        "2": 2,
        "3": 14,
        "4": 22,
        "5": 37
    }
}