{
    "summary": {
        "average": 4.458333333333333,
        "count": 24,
        "sortable": 3.8677371025181175
    },
    "counts": {
        "1": 1,
        "2": 0,
        "3": 0,
        "4": 9,
        "5": 14
    }
}