{
    "summary": {
        "average": 3.4444444444444446,
        "count": 9,
        "sortable": 2.765716248041379
    },
    "counts": {
        "1": 0,
        "2": 2,
        "3": 3,
        "4": 2,
        "5": 2
    }
}