{
    "summary": {
        "average": 4.054054054054054,
        "count": 185,
        "sortable": 3.927990844097025
    },
    "counts": {
        "1": 1,
        "2": 5,
        "3": 31,
        "4": 94,
        "5": 54
    }
}