{
    "summary": {
        "average": 4.0588235294117645,
        "count": 17,
        "sortable": 3.3469438555861633
    },
    "counts": {
        "1": 1,
        "2": 2,
        "3": 1,
        "4": 4,
        "5": 9
    }
}