{
    "summary": {
        "average": 3.8823529411764706,
        "count": 17,
        "sortable": 3.347503503187664
    },
    "counts": {
        "1": 0,
        "2": 0,
        "3": 5,
        "4": 9,
        "5": 3
    }
}