{
    "summary": {
        "average": 4.333333333333333,
        "count": 279,
        "sortable": 4.212339954963515
    },
    "counts": {
        "1": 9,
        "2": 4,
        "3": 35,
        "4": 68,
        "5": 163
    }
}