{
    "summary": {
        "average": 4.208816705336427,
        "count": 431,
        "sortable": 4.111584154551061
    },
    "counts": {
        "1": 19,
        "2": 6,
        "3": 67,
        "4": 113,
        "5": 226
    }
}