{
    "summary": {
        "average": 4.272251308900524,
        "count": 382,
        "sortable": 4.170262338333166
    },
    "counts": {
        "1": 14,
        "2": 7,
        "3": 50,
        "4": 101,
        "5": 210
    }
}