{
    "summary": {
        "average": 4.286245353159852,
        "count": 269,
        "sortable": 4.150789383092538
    },
    "counts": {
        "1": 17,
        "2": 2,
        "3": 29,
        "4": 60,
        "5": 161
    }
}