{
    "summary": {
        "average": 3.8823529411764706,
        "count": 17,
        "sortable": 3.3167318311033664
    },
    "counts": {
        "1": 0,
        "2": 0,
        "3": 7,
        "4": 5,
        "5": 5
    }
}