{
    "summary": {
        "average": 3.888888888888889,
        "count": 18,
        "sortable": 3.3454260789681634
    },
    "counts": {
        "1": 0,
        "2": 0,
        "3": 7,
        "4": 6,
        "5": 5
    }
}