{
    "summary": {
        "average": 3.9473684210526314,
        "count": 19,
        "sortable": 3.430478873937888
    },
    "counts": {
        "1": 0,
        "2": 0,
        "3": 5,
        "4": 10,
        "5": 4
    }
}