{
    "summary": {
        "average": 4.374331550802139,
        "count": 187,
        "sortable": 4.208268260269562
    },
    "counts": {
        "1": 9,
        "2": 3,
        "3": 21,
        "4": 30,
        "5": 124
    }
}