{
    "summary": {
        "average": 4.428571428571429,
        "count": 7,
        "sortable": 3.247482538466455
    },
    "counts": {
        "1": 0,
        "2": 0,
        "3": 1,
        "4": 2,
        "5": 4
    }
}