{
    "summary": {
        "average": 4.2395209580838324,
        "count": 835,
        "sortable": 4.164146060948544
    },
    "counts": {
        "1": 62,
        "2": 23,
        "3": 74,
        "4": 170,
        "5": 506
    }
}