{
    "summary": {
        "average": 3.8947368421052633,
        "count": 38,
        "sortable": 3.4893318005368585
    },
    "counts": {
        "1": 2,
        "2": 2,
        "3": 9,
        "4": 10,
        "5": 15
    }
}