{
    "summary": {
        "average": 4.279437609841827,
        "count": 569,
        "sortable": 4.197667769424661
    },
    "counts": {
        "1": 25,
        "2": 7,
        "3": 65,
        "4": 159,
        "5": 313
    }
}