{
    "summary": {
        "average": 3.6666666666666665,
        "count": 6,
        "sortable": 2.8159138061311966
    },
    "counts": {
        "1": 0,
        "2": 0,
        "3": 3,
        "4": 2,
        "5": 1
    }
}