{
    "summary": {
        "average": 4.098765432098766,
        "count": 81,
        "sortable": 3.863315491921481
    },
    "counts": {
        "1": 2,
        "2": 2,
        "3": 11,
        "4": 37,
        "5": 29
    }
}