{
    "summary": {
        "average": 3.909090909090909,
        "count": 11,
        "sortable": 3.097975280326379
    },
    "counts": {
        "1": 1,
        "2": 0,
        "3": 2,
        "4": 4,
        "5": 4
    }
}