{
    "summary": {
        "average": 4.292553191489362,
        "count": 188,
        "sortable": 4.140589950843132
    },
    "counts": {
        "1": 5,
        "2": 6,
        "3": 20,
        "4": 55,
        "5": 102
    }
}