{
    "summary": {
        "average": 4.158536585365853,
        "count": 82,
        "sortable": 3.937294910287384
    },
    "counts": {
        "1": 0,
        "2": 2,
        "3": 14,
        "4": 35,
        "5": 31
    }
}