{
    "summary": {
        "average": 4.319727891156463,
        "count": 147,
        "sortable": 4.1566147818396075
    },
    "counts": {
        "1": 2,
        "2": 4,
        "3": 12,
        "4": 56,
        "5": 73
    }
}