{
    "summary": {
        "average": 4.428571428571429,
        "count": 28,
        "sortable": 3.926948405893541
    },
    "counts": {
        "1": 0,
        "2": 0,
        "3": 4,
        "4": 8,
        "5": 16
    }
}