{
    "summary": {
        "average": 3.9047619047619047,
        "count": 21,
        "sortable": 3.4186753131543104
    },
    "counts": {
        "1": 0,
        "2": 0,
        "3": 7,
        "4": 9,
        "5": 5
    }
}