{
    "summary": {
        "average": 3.967741935483871,
        "count": 31,
        "sortable": 3.5438498697716367
    },
    "counts": {
        "1": 0,
        "2": 3,
        "3": 5,
        "4": 13,
        "5": 10
    }
}