{
    "summary": {
        "average": 4.055555555555555,
        "count": 18,
        "sortable": 3.459117170031628
    },
    "counts": {
        "1": 0,
        "2": 0,
        "3": 6,
        "4": 5,
        "5": 7
    }
}