{
    "summary": {
        "average": 4.421052631578948,
        "count": 19,
        "sortable": 3.7286277791015117
    },
    "counts": {
        "1": 0,
        "2": 1,
        "3": 3,
        "4": 2,
        "5": 13
    }
}