{
    "summary": {
        "average": 4.666666666666667,
        "count": 36,
        "sortable": 4.1653457239756655
    },
    "counts": {
        "1": 2,
        "2": 0,
        "3": 1,
        "4": 2,
        "5": 31
    }
}