{
    "summary": {
        "average": 3.6363636363636362,
        "count": 11,
        "sortable": 2.990780570065637
    },
    "counts": {
        "1": 0,
        "2": 1,
        "3": 4,
        "4": 4,
        "5": 2
    }
}