{
    "summary": {
        "average": 3.5555555555555554,
        "count": 9,
        "sortable": 2.9432421739950714
    },
    "counts": {
        "1": 0,
        "2": 0,
        "3": 4,
        "4": 5,
        "5": 0
    }
}