{
    "summary": {
        "average": 3.8666666666666667,
        "count": 15,
        "sortable": 3.2850232394873804
    },
    "counts": {
        "1": 0,
        "2": 0,
        "3": 5,
        "4": 7,
        "5": 3
    }
}