{
    "summary": {
        "average": 3.979591836734694,
        "count": 49,
        "sortable": 3.651776632305172
    },
    "counts": {
        "1": 0,
        "2": 5,
        "3": 9,
        "4": 17,
        "5": 18
    }
}