{
    "summary": {
        "average": 4.090909090909091,
        "count": 11,
        "sortable": 3.2701965016188153
    },
    "counts": {
        "1": 0,
        "2": 1,
        "3": 1,
        "4": 5,
        "5": 4
    }
}