{
    "summary": {
        "average": 3.8333333333333335,
        "count": 18,
        "sortable": 3.25978863066165
    },
    "counts": {
        "1": 1,
        "2": 0,
        "3": 5,
        "4": 7,
        "5": 5
    }
}