{
    "summary": {
        "average": 4.111111111111111,
        "count": 9,
        "sortable": 3.1026385570962454
    },
    "counts": {
        "1": 0,
        "2": 2,
        "3": 1,
        "4": 0,
        "5": 6
    }
}