{
    "summary": {
        "average": 2.888888888888889,
        "count": 9,
        "sortable": 2.4600985513045655
    },
    "counts": {
        "1": 1,
        "2": 1,
        "3": 5,
        "4": 2,
        "5": 0
    }
}